PROJECT KEY,PROJECT NAME,% COVER,LINES TO COV,LINES W/COV,% LINE COVER,COND TO COV,COND W/COV,% COND COV,D. MIGRA BD,H. MIGRA BD
portal-abc-del-seguro-dxp:modules:abc-testimonio-portlet,abc-testimonio-portlet,0,380,380,0,145,145,0,21/11/2023,15:33:38
be-portal-somos-corredores-pga-dxp:modules:admin:admin-super-usuario-portlet,admin-super-usuario-portlet,0,76,76,0,6,6,0,21/11/2023,15:33:28
be-portal-somos-corredores-pga-dxp:modules:admin:admin-user-portlet,admin-user-portlet,0,1539,1539,0,466,466,0,21/11/2023,15:33:28
agendaweb-entrenamiento,agendaweb-entrenamiento,0,2337,2337,0,,,,21/11/2023,15:33:28
area51-frontend,area51-frontend,0,1514,1514,0,,,,21/11/2023,15:33:28
be-ecommerce-autos-corredores-dxp:modules:autos:auto-commons,auto-commons,0,93,93,0,18,18,0,21/11/2023,15:33:28
portal-corporativo-dxp-autorepairshop-searcher-portlet:modules:clinics-autorepairshop-searchers:autorepairshop-searcher-portlet,autorepairshop-searcher-portlet,0,92,92,0,10,10,0,21/11/2023,15:33:38
portal-corporativo-dxp-autorepairshop-searcher-portlet:wars:autorepairshops-admin-portlet,autorepairshops-admin-portlet,0,2207,2207,0,184,184,0,21/11/2023,15:33:39
clientesempresas-frontend,clientesempresas-frontend,0,1317,1317,0,,,,21/11/2023,15:33:28
portal-corporativo-dxp-autorepairshop-searcher-portlet:wars:clinic-admin-portlet,clinic-admin-portlet,0,1724,1724,0,158,158,0,21/11/2023,15:33:39
portal-corporativo-dxp-autorepairshop-searcher-portlet:modules:corporativo-consuming-service,corporativo-consuming-service,0,142,142,0,,,,21/11/2023,15:33:39
portal-corporativo-dxp-autorepairshop-searcher-portlet:modules:corporativo-wave-portlet,corporativo-wave-portlet,33.3,24,16,33.3,,,,21/11/2023,15:33:39
pe.com.pacifico.dip.delorean.travel.biz:delorean-viajes-biz-services,delorean-viajes-biz-services,62.9,1465,451,69.2,506,280,44.7,21/11/2023,15:33:29
delorean-viajes-frontend,delorean-viajes-frontend,0,2296,2296,0,,,,21/11/2023,15:33:29
be-ecommerce-autos-corredores-dxp:modules:autos:ecommerce-auto-emission-portlet,ecommerce-auto-emission-portlet,19.5,243,193,20.6,70,59,15.7,21/11/2023,15:33:28
be-ecommerce-autos-corredores-dxp:modules:autos:ecommerce-auto-quote-portlet,ecommerce-auto-quote-portlet,24.1,243,182,25.1,72,57,20.8,21/11/2023,15:33:28
ecommercesoat-moduleclients,ecommercesoat-moduleclients,79.7,1884,304,83.9,876,255,70.9,21/11/2023,15:33:29
fe-bo-ecomsoat,fe-bo-ecomsoat,83.2,741,90,87.9,257,78,69.6,21/11/2023,15:33:29
fe-boecommerceautos,fe-boecommerceautos,0,1092,1092,0,,,,21/11/2023,15:33:29
fe-boEcommerceVida,fe-boEcommerceVida,0,1914,1914,0,,,,21/11/2023,15:33:29
fe-boecommercevida,fe-boecommercevida,76.1,6495,1565,75.9,394,83,78.9,21/11/2023,15:33:29
fe-ecom-soat-backoffice-temp,fe-ecom-soat-backoffice-temp,0,2131,2131,0,,,,21/11/2023,15:33:29
fe-ecommerce-carretera-digital,fe-ecommerce-carretera-digital,11.3,2625,2387,9.1,160,83,48.1,21/11/2023,15:33:29
fe-ecommerce-multiriesgo-corredores-dxp,fe-ecommerce-multiriesgo-corredores-dxp,27.4,52,35,32.7,10,10,0,21/11/2023,15:33:29
fe-ecommerce-multiriesgo-corredores-dxp-javascript,fe-ecommerce-multiriesgo-corredores-dxp-javascript,76.8,1739,263,84.9,670,296,55.8,21/11/2023,15:33:29
fe-ecommerceAutos,fe-ecommerceAutos,0,3742,3742,0,,,,21/11/2023,15:33:29
fe-ecommerceautos,fe-ecommerceautos,0,3516,3516,0,,,,21/11/2023,15:33:29
fe-ecommercesoat,fe-ecommercesoat,13.4,1966,1789,9,145,40,72.4,21/11/2023,15:33:29
fe-ecommerceVida,fe-ecommerceVida,0,4201,4201,0,,,,21/11/2023,15:33:29
fe-ecommercevida,fe-ecommercevida,0,2815,2815,0,,,,21/11/2023,15:33:29
fe-login-acsel,fe-login-acsel,0,87,87,0,,,,21/11/2023,15:33:29
fe-mep,fe-mep,45.5,19003,9918,47.8,6354,3892,38.7,21/11/2023,15:33:29
fe-portalasesoriadigital-adnvida,fe-portalasesoriadigital-adnvida,0,6771,6771,0,,,,21/11/2023,15:33:29
fe-portalasesoriadigital-agenda,fe-portalasesoriadigital-agenda,0,3251,3251,0,,,,21/11/2023,15:33:29
FE-PortalDesgravamenDigital-PDD,FE-PortalDesgravamenDigital-PDD,0,6198,6198,0,,,,21/11/2023,15:33:28
fe-portaldesgravamendigital-pdd,fe-portaldesgravamendigital-pdd,0,3255,3255,0,,,,21/11/2023,15:33:29
fe-prevencion-protege365-empresas-dxp,fe-prevencion-protege365-empresas-dxp,0,2448,2448,0,,,,21/11/2023,15:33:29
portalempresaprotege365:modules:fe-protege365-empresas-liferay-dxp,fe-protege365-empresas-liferay-dxp,0,764,764,0,156,156,0,21/11/2023,15:33:39
fe-sistemaconciliaciontom,fe-sistemaconciliaciontom,0,5982,5982,0,,,,21/11/2023,15:33:29
fe-solicituddigitalvida,fe-solicituddigitalvida,0,9733,9733,0,,,,21/11/2023,15:33:29
fe-web-reporte-danios,fe-web-reporte-danios,0,295,295,0,,,,21/11/2023,15:33:29
FE-WebAtencionSiniestrosHogar,FE-WebAtencionSiniestrosHogar,0,2,2,0,,,,21/11/2023,15:33:28
fe-websponsor,fe-websponsor,76.7,13532,3335,75.4,1121,78,93,21/11/2023,15:33:29
FE-WebSponsors,FE-WebSponsors,0,5868,5868,0,,,,21/11/2023,15:33:28
fn-indicadores-apis-reportes,fn-indicadores-apis-reportes,90.1,1400,138,90.1,,,,21/11/2023,15:33:29
function-mep,function-mep,7.8,240,235,2.1,15,0,100,21/11/2023,15:33:29
ibiometrico-frontend,ibiometrico-frontend,0,767,767,0,,,,21/11/2023,15:33:29
portal-corporativo-dxp-autorepairshop-searcher-portlet:wars:importation-admin-portlet,importation-admin-portlet,0,955,955,0,181,181,0,21/11/2023,15:33:39
kuntur-project-generator-web,kuntur-project-generator-web,58.1,223,80,64.1,99,55,44.4,21/11/2023,15:33:29
org.springframework.boot:mcomercial,mcomercial,4.8,3165,2998,5.3,339,339,0,21/11/2023,15:33:29
pe.com.pacifico.kuntur:ms-backoffice-mep-entidad-seguridad,ms-backoffice-mep-entidad-seguridad,0,490,490,0,,,,21/11/2023,15:33:29
pe.com.pacifico.kuntur:ms-consulta-archivo-adjuntos-abby-pga,ms-consulta-archivo-adjuntos-abby-pga,80.2,79,16,79.7,12,2,83.3,21/11/2023,15:33:30
pe.com.pacifico.kuntur:ms-consulta-cobro-pagoefectivo-trin-trec-car,ms-consulta-cobro-pagoefectivo-trin-trec-car,33.6,109,71,34.9,4,4,0,21/11/2023,15:33:30
pe.com.pacifico.kuntur:ms-descarga-archivo-dip-pga,ms-descarga-archivo-dip-pga,90,50,4,92,10,2,80,21/11/2023,15:33:30
pe.com.pacifico.kuntur:ms-envia-archivo-adjunto-abby-pga,ms-envia-archivo-adjunto-abby-pga,87,97,11,88.7,18,4,77.8,21/11/2023,15:33:30
pe.com.pacifico.kuntur:ms-ne-actualizacion-links-pdf,ms-ne-actualizacion-links-pdf,98.7,70,0,100,8,1,87.5,21/11/2023,15:33:30
pe.com.pacifico.kuntur:ms-ne-actualizaestadosolicitud-onbase,ms-ne-actualizaestadosolicitud-onbase,83.9,170,24,85.9,10,5,50,21/11/2023,15:33:30
pe.com.pacifico.kuntur:ms-ne-anulacion-poliza-salud,ms-ne-anulacion-poliza-salud,100,34,0,100,,,,21/11/2023,15:33:30
pe.com.pacifico.kuntur:ms-ne-aprobarsiniestros,ms-ne-aprobarsiniestros,86,382,45,88.2,96,22,77.1,21/11/2023,15:33:30
pe.com.pacifico.kuntur:ms-ne-asignacion-vantive,ms-ne-asignacion-vantive,48,441,232,47.4,30,13,56.7,21/11/2023,15:33:30
pe.com.pacifico.kuntur:ms-ne-atencion-de-siniestro-actualiza-siniestro-out-auto-gen,ms-ne-atencion-de-siniestro-actualiza-siniestro-out-auto-gen,73.3,13,2,84.6,2,2,0,21/11/2023,15:33:30
pe.com.pacifico.kuntur:ms-ne-atencion-de-siniestros-seguimiento-siniestro-autos-gen,ms-ne-atencion-de-siniestros-seguimiento-siniestro-autos-gen,81.1,248,45,81.9,32,8,75,21/11/2023,15:33:30
pe.com.pacifico.kuntur:ms-ne-autenticacion-consulta-datos-contacto-contratante-pga,ms-ne-autenticacion-consulta-datos-contacto-contratante-pga,100,112,0,100,14,0,100,21/11/2023,15:33:30
pe.com.pacifico.kuntur:ms-ne-autenticacion-valida-alta-contratante-pga,ms-ne-autenticacion-valida-alta-contratante-pga,100,198,0,100,42,0,100,21/11/2023,15:33:30
pe.com.pacifico.kuntur:ms-ne-auto-ppk-asis-gen-producer,ms-ne-auto-ppk-asis-gen-producer,80.4,207,24,88.4,186,53,71.5,21/11/2023,15:33:30
pe.com.pacifico.kuntur:ms-ne-cambiomediopagopolizacobranzas,ms-ne-cambiomediopagopolizacobranzas,91.8,170,12,92.9,14,3,78.6,21/11/2023,15:33:30
pe.com.pacifico.kuntur:ms-ne-cancelapolizacobranzas,ms-ne-cancelapolizacobranzas,94.3,144,1,99.3,50,10,80,21/11/2023,15:33:30
pe.com.pacifico.kuntur:ms-ne-caso-siniestro-autos,ms-ne-caso-siniestro-autos,87.3,104,10,90.4,6,4,33.3,21/11/2023,15:33:30
pe.com.pacifico.kuntur:ms-ne-cobranza-anula-afiliaciones-polizas-vda,ms-ne-cobranza-anula-afiliaciones-polizas-vda,65.9,84,27,67.9,4,3,25,21/11/2023,15:33:30
pe.com.pacifico.kuntur:ms-ne-cobranza-anula-documento-polizas-vda,ms-ne-cobranza-anula-documento-polizas-vda,65.9,87,28,67.8,4,3,25,21/11/2023,15:33:30
pe.com.pacifico.kuntur:ms-ne-cobranza-registra-acreencia-polizas-vda,ms-ne-cobranza-registra-acreencia-polizas-vda,76.1,128,27,78.9,10,6,40,21/11/2023,15:33:30
pe.com.pacifico.kuntur:ms-ne-cobranza-registra-afiliaciones-polizas-vda,ms-ne-cobranza-registra-afiliaciones-polizas-vda,69.1,93,27,71,4,3,25,21/11/2023,15:33:30
pe.com.pacifico.kuntur:ms-ne-cobranza-registra-obligaciones-polizas-vda,ms-ne-cobranza-registra-obligaciones-polizas-vda,62,153,56,63.4,10,6,40,21/11/2023,15:33:30
pe.com.pacifico.kuntur:ms-ne-cobranza-registra-polizas-vda,ms-ne-cobranza-registra-polizas-vda,51.6,118,56,52.5,4,3,25,21/11/2023,15:33:30
pe.com.pacifico.kuntur:ms-ne-cobranzas-consulta-pagos-poliza-salud,ms-ne-cobranzas-consulta-pagos-poliza-salud,98,463,3,99.4,80,8,90,21/11/2023,15:33:30
pe.com.pacifico.kuntur:ms-ne-cobranzas-consulta-pagospoliza-pga,ms-ne-cobranzas-consulta-pagospoliza-pga,95.7,361,7,98.1,58,11,81,21/11/2023,15:33:30
pe.com.pacifico.kuntur:ms-ne-cobranzas-tps,ms-ne-cobranzas-tps,91.2,119,5,95.8,18,7,61.1,21/11/2023,15:33:30
pe.com.pacifico.kuntur:ms-ne-consulta-clasificacion-contratante-pga,ms-ne-consulta-clasificacion-contratante-pga,100,85,0,100,10,0,100,21/11/2023,15:33:30
pe.com.pacifico.kuntur:ms-ne-consulta-clasificacion-curso,ms-ne-consulta-clasificacion-curso,100,66,0,100,2,0,100,21/11/2023,15:33:30
pe.com.pacifico.kuntur:ms-ne-consulta-cobertura-poliza-gen,ms-ne-consulta-cobertura-poliza-gen,89.1,53,5,90.6,2,1,50,21/11/2023,15:33:30
pe.com.pacifico.kuntur:ms-ne-consulta-datos-agente-pga,ms-ne-consulta-datos-agente-pga,84.7,175,20,88.6,54,15,72.2,21/11/2023,15:33:30
pe.com.pacifico.kuntur:ms-ne-consulta-detalle-asegurado-poliza-pga,ms-ne-consulta-detalle-asegurado-poliza-pga,89.1,234,19,91.9,142,22,84.5,21/11/2023,15:33:30
pe.com.pacifico.kuntur:ms-ne-consulta-detalle-poliza-pga,ms-ne-consulta-detalle-poliza-pga,100,77,0,100,5,0,100,21/11/2023,15:33:30
pe.com.pacifico.kuntur:ms-ne-consulta-endosatario-poliza-gen,ms-ne-consulta-endosatario-poliza-gen,91.7,34,2,94.1,2,1,50,21/11/2023,15:33:30
pe.com.pacifico.kuntur:ms-ne-consulta-equipo-contratante-pga,ms-ne-consulta-equipo-contratante-pga,100,65,0,100,2,0,100,21/11/2023,15:33:30
pe.com.pacifico.kuntur:ms-ne-consulta-estado-archivo-pga,ms-ne-consulta-estado-archivo-pga,85.8,165,16,90.3,54,15,72.2,21/11/2023,15:33:30
pe.com.pacifico.kuntur:ms-ne-consulta-listado-poliza-pga,ms-ne-consulta-listado-poliza-pga,100,72,0,100,6,0,100,21/11/2023,15:33:30
pe.com.pacifico.kuntur:ms-ne-consulta-listado-siniestro-pga,ms-ne-consulta-listado-siniestro-pga,88,184,13,92.9,49,15,69.4,21/11/2023,15:33:30
pe.com.pacifico.kuntur:ms-ne-consulta-mercaderia-poliza-gen,ms-ne-consulta-mercaderia-poliza-gen,93,67,5,92.5,4,0,100,21/11/2023,15:33:30
pe.com.pacifico.kuntur:ms-ne-consulta-nave-poliza-gen,ms-ne-consulta-nave-poliza-gen,90.2,37,3,91.9,4,1,75,21/11/2023,15:33:30
pe.com.pacifico.kuntur:ms-ne-consulta-paises-poliza-gen,ms-ne-consulta-paises-poliza-gen,91.7,34,2,94.1,2,1,50,21/11/2023,15:33:30
pe.com.pacifico.kuntur:ms-ne-consulta-parametros-siniestros-pga,ms-ne-consulta-parametros-siniestros-pga,89.2,262,10,96.2,156,35,77.6,21/11/2023,15:33:30
pe.com.pacifico.kuntur:ms-ne-consulta-plan-poliza-gen,ms-ne-consulta-plan-poliza-gen,46.5,95,52,45.3,4,1,75,21/11/2023,15:33:30
pe.com.pacifico.kuntur:ms-ne-consulta-poliza-gen,ms-ne-consulta-poliza-gen,86.8,36,4,88.9,2,1,50,21/11/2023,15:33:30
pe.com.pacifico.kuntur:ms-ne-consultaestadosibonbase,ms-ne-consultaestadosibonbase,81.3,215,39,81.9,36,8,77.8,21/11/2023,15:33:30
ms-ne-consumer-generar-link-dana-pga,ms-ne-consumer-generar-link-dana-pga,81.1,47,6,87.2,6,4,33.3,21/11/2023,15:33:29
pe.com.pacifico.kuntur:ms-ne-consumer-generar-link-dana-pga,ms-ne-consumer-generar-link-dana-pga,81.1,47,6,87.2,6,4,33.3,21/11/2023,15:33:30
pe.com.pacifico.kuntur:ms-ne-consumidor-confirmadocumentodana-gen,ms-ne-consumidor-confirmadocumentodana-gen,81.5,44,6,86.4,10,4,60,21/11/2023,15:33:30
pe.com.pacifico.kuntur:ms-ne-cotizacion-calcula-cotizaciones-vida-ley-empleados-vda,ms-ne-cotizacion-calcula-cotizaciones-vida-ley-empleados-vda,82.3,574,88,84.7,181,46,74.6,21/11/2023,15:33:30
pe.com.pacifico.kuntur:ms-ne-cotizacion-calcula-prima-proyeccion-viap-vda,ms-ne-cotizacion-calcula-prima-proyeccion-viap-vda,91.9,627,24,96.2,112,36,67.9,21/11/2023,15:33:30
pe.com.pacifico.kuntur:ms-ne-cotizacion-configuracion-viap-vda,ms-ne-cotizacion-configuracion-viap-vda,95.6,574,9,98.4,88,20,77.3,21/11/2023,15:33:30
pe.com.pacifico.kuntur:ms-ne-cotizacion-consulta-cotizaciones-vida-ley-empleados-vda,ms-ne-cotizacion-consulta-cotizaciones-vida-ley-empleados-vda,93.6,127,7,94.5,14,2,85.7,21/11/2023,15:33:30
pe.com.pacifico.kuntur:ms-ne-cotizacion-consulta-producto-viap-vda,ms-ne-cotizacion-consulta-producto-viap-vda,91.3,608,42,93.1,46,15,67.4,21/11/2023,15:33:31
pe.com.pacifico.kuntur:ms-ne-cotizacion-consulta-productosventa-vda,ms-ne-cotizacion-consulta-productosventa-vda,60.9,273,91,66.7,44,33,25,21/11/2023,15:33:31
pe.com.pacifico.kuntur:ms-ne-cotizacion-cotizacion-viap-vda,ms-ne-cotizacion-cotizacion-viap-vda,91.8,374,21,94.4,40,13,67.5,21/11/2023,15:33:31
pe.com.pacifico.kuntur:ms-ne-cotizacion-cotizaciones-trin-pga,ms-ne-cotizacion-cotizaciones-trin-pga,81.4,730,126,82.7,102,29,71.6,21/11/2023,15:33:31
pe.com.pacifico.kuntur:ms-ne-cotizacion-envio-calculo-radar-autos-gen,ms-ne-cotizacion-envio-calculo-radar-autos-gen,97.7,39,0,100,4,1,75,21/11/2023,15:33:31
pe.com.pacifico.kuntur:ms-ne-cotizacion-envio-calculo-radar-trin-gen,ms-ne-cotizacion-envio-calculo-radar-trin-gen,81.6,446,80,82.1,48,11,77.1,21/11/2023,15:33:31
pe.com.pacifico.kuntur:ms-ne-cotizacion-evalua-modelo-radar-autos-gen,ms-ne-cotizacion-evalua-modelo-radar-autos-gen,83.8,403,54,86.6,122,31,74.6,21/11/2023,15:33:31
pe.com.pacifico.kuntur:ms-ne-cotizacion-inversion-vida-inv-vda,ms-ne-cotizacion-inversion-vida-inv-vda,89.6,152,12,92.1,12,5,58.3,21/11/2023,15:33:31
pe.com.pacifico.kuntur:ms-ne-cotizacion-mensajeria-envia-poliza-pga,ms-ne-cotizacion-mensajeria-envia-poliza-pga,79.6,372,72,80.6,60,16,73.3,21/11/2023,15:33:31
pe.com.pacifico.kuntur:ms-ne-cotizacion-mensajeria-recibe-poliza-pga,ms-ne-cotizacion-mensajeria-recibe-poliza-pga,81,134,22,83.6,8,5,37.5,21/11/2023,15:33:31
pe.com.pacifico.kuntur:ms-ne-cotizacion-mensajeria-reintenta-poliza-pga,ms-ne-cotizacion-mensajeria-reintenta-poliza-pga,,,,,,,,21/11/2023,15:33:31
pe.com.pacifico.kuntur:ms-ne-cotizacion-notificacion-viap-vda,ms-ne-cotizacion-notificacion-viap-vda,85.9,229,30,86.9,20,5,75,21/11/2023,15:33:31
pe.com.pacifico.kuntur:ms-ne-cotizacion-operaciones-cotizador-vida-inv-vda,ms-ne-cotizacion-operaciones-cotizador-vida-inv-vda,92.4,217,9,95.9,20,9,55,21/11/2023,15:33:31
pe.com.pacifico.kuntur:ms-ne-cotizacion-perfil-inversion-viap-vda,ms-ne-cotizacion-perfil-inversion-viap-vda,94.8,236,8,96.6,14,5,64.3,21/11/2023,15:33:31
pe.com.pacifico.kuntur:ms-ne-cotizacion-perfil-vida-inv-vda,ms-ne-cotizacion-perfil-vida-inv-vda,92.3,232,12,94.8,16,7,56.3,21/11/2023,15:33:31
pe.com.pacifico.kuntur:ms-ne-cotizacion-plan-pago-autos-gen,ms-ne-cotizacion-plan-pago-autos-gen,86.9,64,7,89.1,20,4,80,21/11/2023,15:33:31
pe.com.pacifico.kuntur:ms-ne-cotizacion-poliza-soat-pga,ms-ne-cotizacion-poliza-soat-pga,41.7,344,173,49.7,100,86,14,21/11/2023,15:33:31
pe.com.pacifico.kuntur:ms-ne-cotizacion-poliza-tps-pga,ms-ne-cotizacion-poliza-tps-pga,100,64,0,100,,,,21/11/2023,15:33:31
pe.com.pacifico.kuntur:ms-ne-cotizacion-recibe-cotizacion-viap-vda,ms-ne-cotizacion-recibe-cotizacion-viap-vda,95.1,77,3,96.1,4,1,75,21/11/2023,15:33:31
pe.com.pacifico.kuntur:ms-ne-cotizacion-registra-cotizaciones-vida-ley-empleados-vda,ms-ne-cotizacion-registra-cotizaciones-vida-ley-empleados-vda,85.6,220,28,87.3,16,6,62.5,21/11/2023,15:33:31
pe.com.pacifico.kuntur:ms-ne-cotizacion-solicitud-cotizacion-autos-gen,ms-ne-cotizacion-solicitud-cotizacion-autos-gen,83.3,542,79,85.4,206,46,77.7,21/11/2023,15:33:31
pe.com.pacifico.kuntur:ms-ne-cotizacion-solicitud-cotizacion-vida-vda,ms-ne-cotizacion-solicitud-cotizacion-vida-vda,93.8,140,5,96.4,37,6,83.8,21/11/2023,15:33:31
pe.com.pacifico.kuntur:ms-ne-cotizacion-solicitud-vida-vda,ms-ne-cotizacion-solicitud-vida-vda,91.5,563,31,94.5,186,33,82.3,21/11/2023,15:33:31
pe.com.pacifico.kuntur:ms-ne-cotizacion-tarifica-mcomercial-radar-autos-gen,ms-ne-cotizacion-tarifica-mcomercial-radar-autos-gen,81.5,707,85,88,272,96,64.7,21/11/2023,15:33:31
pe.com.pacifico.kuntur:ms-ne-cotizacion-tarifica-mtecnico-radar-autos-gen,ms-ne-cotizacion-tarifica-mtecnico-radar-autos-gen,81.1,512,86,83.2,102,30,70.6,21/11/2023,15:33:31
pe.com.pacifico.kuntur:ms-ne-cotizacion-tarifica-precalculados-radar-autos-gen,ms-ne-cotizacion-tarifica-precalculados-radar-autos-gen,90.4,88,5,94.3,16,5,68.8,21/11/2023,15:33:31
pe.com.pacifico.kuntur:ms-ne-cotizacion-valida-cotizacion-viap-vda,ms-ne-cotizacion-valida-cotizacion-viap-vda,89.1,888,51,94.3,300,79,73.7,21/11/2023,15:33:31
pe.com.pacifico.kuntur:ms-ne-cotizacion-valida-problema-cliente-vda,ms-ne-cotizacion-valida-problema-cliente-vda,23,220,167,24.1,36,30,16.7,21/11/2023,15:33:31
pe.com.pacifico.kuntur:ms-ne-cotizacionmodelowtp,ms-ne-cotizacionmodelowtp,82,368,55,85.1,114,32,71.9,21/11/2023,15:33:31
pe.com.pacifico.kuntur:ms-ne-cotizacionpolizaautos,ms-ne-cotizacionpolizaautos,98.7,772,9,98.8,126,3,97.6,21/11/2023,15:33:31
pe.com.pacifico.kuntur:ms-ne-curso-colaborador,ms-ne-curso-colaborador,100,362,0,100,60,0,100,21/11/2023,15:33:31
pe.com.pacifico.kuntur:ms-ne-desgravamen-envia-comunicacion-desgravamen-digital-vda,ms-ne-desgravamen-envia-comunicacion-desgravamen-digital-vda,93.5,1312,57,95.7,140,37,73.6,21/11/2023,15:33:31
pe.com.pacifico.kuntur:ms-ne-desgravamen-envia-comunicacion-masivo-digital-vda,ms-ne-desgravamen-envia-comunicacion-masivo-digital-vda,100,64,0,100,8,0,100,21/11/2023,15:33:31
pe.com.pacifico.kuntur:ms-ne-desgravamen-firma-electronica-desgravamen-digital-vda,ms-ne-desgravamen-firma-electronica-desgravamen-digital-vda,81.9,685,103,85,96,38,60.4,21/11/2023,15:33:31
pe.com.pacifico.kuntur:ms-ne-desgravamen-genera-documento-desgravamen-digital-vda,ms-ne-desgravamen-genera-documento-desgravamen-digital-vda,94.2,593,24,96,48,13,72.9,21/11/2023,15:33:31
pe.com.pacifico.kuntur:ms-ne-desgravamen-listasolicitud-desgravamen-digital-vda,ms-ne-desgravamen-listasolicitud-desgravamen-digital-vda,100,289,0,100,40,0,100,21/11/2023,15:33:31
pe.com.pacifico.kuntur:ms-ne-ejecuta-cobro-recurrente-pga,ms-ne-ejecuta-cobro-recurrente-pga,83.5,323,47,85.4,22,10,54.5,21/11/2023,15:33:31
pe.com.pacifico.kuntur:ms-ne-emision-emisiones-trin-gen,ms-ne-emision-emisiones-trin-gen,85.1,1822,267,85.3,168,29,82.7,21/11/2023,15:33:31
pe.com.pacifico.kuntur:ms-ne-emision-genera-poliza-car-gen,ms-ne-emision-genera-poliza-car-gen,87.5,516,46,91.1,116,33,71.6,21/11/2023,15:33:31
pe.com.pacifico.kuntur:ms-ne-emision-inicia-emisiones-vida-ley-empleados-vda,ms-ne-emision-inicia-emisiones-vida-ley-empleados-vda,97.2,59,2,96.6,12,0,100,21/11/2023,15:33:31
pe.com.pacifico.kuntur:ms-ne-emision-masiva-polizas-tps,ms-ne-emision-masiva-polizas-tps,95.3,273,12,95.6,4,1,75,21/11/2023,15:33:31
pe.com.pacifico.kuntur:ms-ne-emision-mensajeria-envia-poliza-pga,ms-ne-emision-mensajeria-envia-poliza-pga,81.4,115,26,77.4,30,1,96.7,21/11/2023,15:33:31
pe.com.pacifico.kuntur:ms-ne-emision-mensajeria-recibe-poliza-pga,ms-ne-emision-mensajeria-recibe-poliza-pga,97.5,102,2,98,18,1,94.4,21/11/2023,15:33:31
pe.com.pacifico.kuntur:ms-ne-emision-mensajeria-reintenta-poliza-pga,ms-ne-emision-mensajeria-reintenta-poliza-pga,,,,,,,,21/11/2023,15:33:31
pe.com.pacifico.kuntur:ms-ne-emision-poliza-tps-pga,ms-ne-emision-poliza-tps-pga,90.2,188,11,94.1,68,14,79.4,21/11/2023,15:33:31
pe.com.pacifico.kuntur:ms-ne-emision-procesa-solicitud-rentas-vda,ms-ne-emision-procesa-solicitud-rentas-vda,88.7,49,4,91.8,4,2,50,21/11/2023,15:33:31
pe.com.pacifico.kuntur:ms-ne-emision-registra-emisiones-vida-ley-empleados-vda,ms-ne-emision-registra-emisiones-vida-ley-empleados-vda,82.4,343,50,85.4,38,17,55.3,21/11/2023,15:33:31
pe.com.pacifico.kuntur:ms-ne-emision-solicitud-emision-vida-vda,ms-ne-emision-solicitud-emision-vida-vda,86.8,559,44,92.1,121,46,62,21/11/2023,15:33:31
pe.com.pacifico.kuntur:ms-ne-emisionpolizasviajesassistcard,ms-ne-emisionpolizasviajesassistcard,85.4,147,18,87.8,24,7,70.8,21/11/2023,15:33:31
pe.com.pacifico.kuntur:ms-ne-encola-cuota-cobro-recurrente-pga,ms-ne-encola-cuota-cobro-recurrente-pga,91.9,109,8,92.7,2,1,50,21/11/2023,15:33:31
pe.com.pacifico.kuntur:ms-ne-endoso-calcula-cotizacion-vida-ley-empleados-vda,ms-ne-endoso-calcula-cotizacion-vida-ley-empleados-vda,84.5,164,4,97.6,114,39,65.8,21/11/2023,15:33:32
pe.com.pacifico.kuntur:ms-ne-endoso-registra-endoso-inclusion-vida-ley-empleados-vda,ms-ne-endoso-registra-endoso-inclusion-vida-ley-empleados-vda,83.7,406,37,90.9,170,57,66.5,21/11/2023,15:33:32
pe.com.pacifico.kuntur:ms-ne-envio-comunicacion-siniestros-vida-vda,ms-ne-envio-comunicacion-siniestros-vida-vda,83.2,630,72,88.6,163,61,62.6,21/11/2023,15:33:32
pe.com.pacifico.kuntur:ms-ne-enviodana-desencolar,ms-ne-enviodana-desencolar,94.7,55,2,96.4,2,1,50,21/11/2023,15:33:32
pe.com.pacifico.kuntur:ms-ne-enviodana-encolar,ms-ne-enviodana-encolar,87,114,9,92.1,24,9,62.5,21/11/2023,15:33:32
pe.com.pacifico.kuntur:ms-ne-enviotareasiniestroonbase,ms-ne-enviotareasiniestroonbase,80.7,283,45,84.1,44,18,59.1,21/11/2023,15:33:32
pe.com.pacifico.kuntur:ms-ne-evaluacion-colaborador,ms-ne-evaluacion-colaborador,100,285,0,100,32,0,100,21/11/2023,15:33:32
pe.com.pacifico.kuntur:ms-ne-evaluacion-de-riesgos-consulta-contratante-pga,ms-ne-evaluacion-de-riesgos-consulta-contratante-pga,100,65,0,100,4,0,100,21/11/2023,15:33:32
pe.com.pacifico.kuntur:ms-ne-evaluacion-de-riesgos-consulta-productos-pga,ms-ne-evaluacion-de-riesgos-consulta-productos-pga,100,111,0,100,26,0,100,21/11/2023,15:33:32
pe.com.pacifico.kuntur:ms-ne-expedienteaudatex,ms-ne-expedienteaudatex,72.6,60,15,75,2,2,0,21/11/2023,15:33:32
pe.com.pacifico.kuntur:ms-ne-genera-cotizacion-patrimonial-gen,ms-ne-genera-cotizacion-patrimonial-gen,81.6,399,49,87.7,118,46,61,21/11/2023,15:33:32
pe.com.pacifico.kuntur:ms-ne-genera-reportes-desgravamen-vda,ms-ne-genera-reportes-desgravamen-vda,94.6,141,6,95.7,8,2,75,21/11/2023,15:33:32
pe.com.pacifico.kuntur:ms-ne-generadiponbasesiniestro,ms-ne-generadiponbasesiniestro,80,237,42,82.3,28,11,60.7,21/11/2023,15:33:32
pe.com.pacifico.kuntur:ms-ne-generadiponbasetalleres,ms-ne-generadiponbasetalleres,84.4,159,21,86.8,20,7,65,21/11/2023,15:33:32
pe.com.pacifico.kuntur:ms-ne-gestion-acceso-rol,ms-ne-gestion-acceso-rol,100,72,0,100,4,0,100,21/11/2023,15:33:32
pe.com.pacifico.kuntur:ms-ne-gestion-api-rol,ms-ne-gestion-api-rol,100,61,0,100,4,0,100,21/11/2023,15:33:32
pe.com.pacifico.kuntur:ms-ne-gestion-asesor-vida,ms-ne-gestion-asesor-vida,89.1,42,3,92.9,4,2,50,21/11/2023,15:33:32
pe.com.pacifico.kuntur:ms-ne-gestion-canal-vida,ms-ne-gestion-canal-vida,100,274,0,100,40,0,100,21/11/2023,15:33:32
pe.com.pacifico.kuntur:ms-ne-gestion-cartera-rentas,ms-ne-gestion-cartera-rentas,87.8,177,15,91.5,28,10,64.3,21/11/2023,15:33:32
pe.com.pacifico.kuntur:ms-ne-gestion-comisiones-pga,ms-ne-gestion-comisiones-pga,9.8,163,142,12.9,52,52,0,21/11/2023,15:33:32
pe.com.pacifico.kuntur:ms-ne-gestion-cotizacion-rrgg,ms-ne-gestion-cotizacion-rrgg,83.6,3888,508,86.9,1020,298,70.8,21/11/2023,15:33:32
pe.com.pacifico.kuntur:ms-ne-gestion-cotizaciones-autoefectivo,ms-ne-gestion-cotizaciones-autoefectivo,3.6,715,687,3.9,234,228,2.6,21/11/2023,15:33:32
pe.com.pacifico.kuntur:ms-ne-gestion-cuentas-financieras,ms-ne-gestion-cuentas-financieras,100,104,0,100,12,0,100,21/11/2023,15:33:32
pe.com.pacifico.kuntur:ms-ne-gestion-curso,ms-ne-gestion-curso,100,573,0,100,90,0,100,21/11/2023,15:33:32
pe.com.pacifico.kuntur:ms-ne-gestion-de-pago-gestiona-lineacredito-poliza-soat,ms-ne-gestion-de-pago-gestiona-lineacredito-poliza-soat,97.6,101,3,97,22,0,100,21/11/2023,15:33:32
pe.com.pacifico.kuntur:ms-ne-gestion-documentos-rrgg,ms-ne-gestion-documentos-rrgg,84.9,1245,150,88,318,86,73,21/11/2023,15:33:32
pe.com.pacifico.kuntur:ms-ne-gestion-emision-ax,ms-ne-gestion-emision-ax,7.5,1943,1817,6.5,551,490,11.1,21/11/2023,15:33:32
pe.com.pacifico.kuntur:ms-ne-gestion-emision-rrgg,ms-ne-gestion-emision-rrgg,10.2,1093,1002,8.3,236,192,18.6,21/11/2023,15:33:32
pe.com.pacifico.kuntur:ms-ne-gestion-evaluacion,ms-ne-gestion-evaluacion,100,371,0,100,84,0,100,21/11/2023,15:33:32
pe.com.pacifico.kuntur:ms-ne-gestion-log-soat,ms-ne-gestion-log-soat,45.6,120,64,46.7,38,22,42.1,21/11/2023,15:33:32
pe.com.pacifico.kuntur:ms-ne-gestion-marca-vehiculo,ms-ne-gestion-marca-vehiculo,87.5,38,5,86.8,2,0,100,21/11/2023,15:33:32
pe.com.pacifico.kuntur:ms-ne-gestion-modelo-vehiculo,ms-ne-gestion-modelo-vehiculo,100,77,0,100,8,0,100,21/11/2023,15:33:32
pe.com.pacifico.kuntur:ms-ne-gestion-notificacion-pagos-cliente,ms-ne-gestion-notificacion-pagos-cliente,91.4,128,5,96.1,24,8,66.7,21/11/2023,15:33:32
pe.com.pacifico.kuntur:ms-ne-gestion-parametros-rrgg,ms-ne-gestion-parametros-rrgg,92.5,450,24,94.7,96,17,82.3,21/11/2023,15:33:32
pe.com.pacifico.kuntur:ms-ne-gestion-persona,ms-ne-gestion-persona,99.9,747,0,100,314,1,99.7,21/11/2023,15:33:32
pe.com.pacifico.kuntur:ms-ne-gestion-poliza-amed-salud,ms-ne-gestion-poliza-amed-salud,66.8,542,147,72.9,132,77,41.7,21/11/2023,15:33:32
pe.com.pacifico.kuntur:ms-ne-gestion-poliza-autos,ms-ne-gestion-poliza-autos,94.4,137,2,98.5,24,7,70.8,21/11/2023,15:33:32
pe.com.pacifico.kuntur:ms-ne-gestion-producto-autoefectivo,ms-ne-gestion-producto-autoefectivo,76.7,107,19,82.2,22,11,50,21/11/2023,15:33:32
pe.com.pacifico.kuntur:ms-ne-gestion-promocion-autos,ms-ne-gestion-promocion-autos,84,1231,215,82.5,502,63,87.5,21/11/2023,15:33:32
pe.com.pacifico.kuntur:ms-ne-gestion-promocion-vida,ms-ne-gestion-promocion-vida,91,600,27,95.5,201,45,77.6,21/11/2023,15:33:32
pe.com.pacifico.kuntur:ms-ne-gestion-recompra-soat,ms-ne-gestion-recompra-soat,1.4,336,330,1.8,88,88,0,21/11/2023,15:33:32
pe.com.pacifico.kuntur:ms-ne-gestion-servicios-producto,ms-ne-gestion-servicios-producto,100,151,0,100,22,0,100,21/11/2023,15:33:32
pe.com.pacifico.kuntur:ms-ne-gestion-sesion-autos,ms-ne-gestion-sesion-autos,30.2,2431,1648,32.2,502,400,20.3,21/11/2023,15:33:32
pe.com.pacifico.kuntur:ms-ne-gestion-vehiculo,ms-ne-gestion-vehiculo,91.2,95,4,95.8,30,7,76.7,21/11/2023,15:33:32
pe.com.pacifico.kuntur:ms-ne-gestiona-siniestro-seguros-generales,ms-ne-gestiona-siniestro-seguros-generales,100,63,0,100,2,0,100,21/11/2023,15:33:32
pe.com.pacifico.kuntur:ms-ne-gestiona-solicitud-endoso-rentas,ms-ne-gestiona-solicitud-endoso-rentas,80.1,708,79,88.8,273,116,57.5,21/11/2023,15:33:32
pe.com.pacifico.kuntur:ms-ne-gestionarchivoadjuntorentas,ms-ne-gestionarchivoadjuntorentas,89.4,149,11,92.6,11,6,45.5,21/11/2023,15:33:32
pe.com.pacifico.kuntur:ms-ne-gestionarpagosib,ms-ne-gestionarpagosib,89.3,167,16,90.4,10,3,70,21/11/2023,15:33:32
pe.com.pacifico.kuntur:ms-ne-gestionaseguradorentas,ms-ne-gestionaseguradorentas,90.6,183,14,92.3,8,4,50,21/11/2023,15:33:32
pe.com.pacifico.kuntur:ms-ne-gestioncliente,ms-ne-gestioncliente,90.6,176,12,93.2,26,7,73.1,21/11/2023,15:33:32
pe.com.pacifico.kuntur:ms-ne-gestionclientecobranza-consumer-pga,ms-ne-gestionclientecobranza-consumer-pga,93.8,243,10,95.9,30,7,76.7,21/11/2023,15:33:33
pe.com.pacifico.kuntur:ms-ne-gestionclientecobranza-producer-pga,ms-ne-gestionclientecobranza-producer-pga,94.3,541,22,95.9,20,10,50,21/11/2023,15:33:33
pe.com.pacifico.kuntur:ms-ne-gestionclientecobranza-retry-pga,ms-ne-gestionclientecobranza-retry-pga,,,,,,,,21/11/2023,15:33:33
pe.com.pacifico.kuntur:ms-ne-gestioncontratanterentas,ms-ne-gestioncontratanterentas,90.3,178,14,92.1,8,4,50,21/11/2023,15:33:33
pe.com.pacifico.kuntur:ms-ne-gestiondescuentoamedsalud,ms-ne-gestiondescuentoamedsalud,94.2,68,2,97.1,18,3,83.3,21/11/2023,15:33:33
pe.com.pacifico.kuntur:ms-ne-gestiondocumentosiniestros-onbase,ms-ne-gestiondocumentosiniestros-onbase,85.8,131,16,87.8,10,4,60,21/11/2023,15:33:33
pe.com.pacifico.kuntur:ms-ne-gestionmetodopagorentas,ms-ne-gestionmetodopagorentas,90.3,128,10,92.2,6,3,50,21/11/2023,15:33:33
pe.com.pacifico.kuntur:ms-ne-gestionoportunidadvida,ms-ne-gestionoportunidadvida,89.9,1141,65,94.3,331,84,74.6,21/11/2023,15:33:33
pe.com.pacifico.kuntur:ms-ne-gestionsiniestros-hogar,ms-ne-gestionsiniestros-hogar,78.3,521,95,81.8,92,38,58.7,21/11/2023,15:33:33
pe.com.pacifico.kuntur:ms-ne-guardar-certificado-poliza-gen,ms-ne-guardar-certificado-poliza-gen,89.4,45,4,91.1,2,1,50,21/11/2023,15:33:33
pe.com.pacifico.kuntur:ms-ne-identificacion-biometrica-enrolamiento-persona-pga,ms-ne-identificacion-biometrica-enrolamiento-persona-pga,92.5,137,7,94.9,36,6,83.3,21/11/2023,15:33:33
pe.com.pacifico.kuntur:ms-ne-identificacion-biometrica-evaluacion-facial-pga,ms-ne-identificacion-biometrica-evaluacion-facial-pga,95.1,67,3,95.5,14,1,92.9,21/11/2023,15:33:33
pe.com.pacifico.kuntur:ms-ne-identificacion-biometrica-opera-token-pga,ms-ne-identificacion-biometrica-opera-token-pga,81.2,600,67,88.8,186,81,56.5,21/11/2023,15:33:33
pe.com.pacifico.kuntur:ms-ne-identificacion-biometrica-valida-informacion-persona-pga,ms-ne-identificacion-biometrica-valida-informacion-persona-pga,86.4,442,52,88.2,42,14,66.7,21/11/2023,15:33:33
pe.com.pacifico.kuntur:ms-ne-identificacion-biometrica-valida-resultado-biometrico-pga,ms-ne-identificacion-biometrica-valida-resultado-biometrico-pga,100,19,0,100,2,0,100,21/11/2023,15:33:33
pe.com.pacifico.kuntur:ms-ne-informacion-prepago-desgravamen,ms-ne-informacion-prepago-desgravamen,91.9,72,5,93.1,2,1,50,21/11/2023,15:33:33
pe.com.pacifico.kuntur:ms-ne-iniciarpagoenlinea,ms-ne-iniciarpagoenlinea,82,113,15,86.7,20,9,55,21/11/2023,15:33:33
pe.com.pacifico.kuntur:ms-ne-inspeccion-vehicular,ms-ne-inspeccion-vehicular,100,51,0,100,4,0,100,21/11/2023,15:33:33
pe.com.pacifico.kuntur:ms-ne-listener-envia-lote-mensaje-pga-abby,ms-ne-listener-envia-lote-mensaje-pga-abby,85,117,17,85.5,16,3,81.3,21/11/2023,15:33:33
pe.com.pacifico.kuntur:ms-ne-listener-recibe-mensaje-siniestro-abby-vda,ms-ne-listener-recibe-mensaje-siniestro-abby-vda,90.8,377,29,92.3,46,10,78.3,21/11/2023,15:33:33
pe.com.pacifico.kuntur:ms-ne-listener-recibe-rpta-mensaje-abby,ms-ne-listener-recibe-rpta-mensaje-abby,93.3,71,3,95.8,4,2,50,21/11/2023,15:33:33
pe.com.pacifico.kuntur:ms-ne-ma-gestionprospectoleads,ms-ne-ma-gestionprospectoleads,64.7,84,30,64.3,18,6,66.7,21/11/2023,15:33:33
pe.com.pacifico.kuntur:ms-ne-ma-wbspoffs-gestionaseguradocoberturas,ms-ne-ma-wbspoffs-gestionaseguradocoberturas,87.2,498,59,88.2,18,7,61.1,21/11/2023,15:33:33
pe.com.pacifico.kuntur:ms-ne-ma-wbspoffs-gestionaseguradovidaindividual,ms-ne-ma-wbspoffs-gestionaseguradovidaindividual,92.8,406,16,96.1,152,24,84.2,21/11/2023,15:33:33
pe.com.pacifico.kuntur:ms-ne-mensajeria-envia-solicitud-cotizacion-autos,ms-ne-mensajeria-envia-solicitud-cotizacion-autos,0.9,1463,1449,1,333,330,0.9,21/11/2023,15:33:33
pe.com.pacifico.kuntur:ms-ne-notificacion-emision-rentas-vda,ms-ne-notificacion-emision-rentas-vda,6.1,242,226,6.6,22,22,0,21/11/2023,15:33:33
pe.com.pacifico.kuntur:ms-ne-notificacion-solicitud-rentas-vda,ms-ne-notificacion-solicitud-rentas-vda,88.7,138,14,89.9,4,2,50,21/11/2023,15:33:33
pe.com.pacifico.kuntur:ms-ne-notificaciones-tps,ms-ne-notificaciones-tps,90.1,213,14,93.4,20,9,55,21/11/2023,15:33:33
pe.com.pacifico.kuntur:ms-ne-obtencion-cuota-cobro-recurrente-pga,ms-ne-obtencion-cuota-cobro-recurrente-pga,87.5,369,23,93.8,48,29,39.6,21/11/2023,15:33:33
pe.com.pacifico.kuntur:ms-ne-obtener-coberturas-patrimonial-gen,ms-ne-obtener-coberturas-patrimonial-gen,83.4,159,7,95.6,70,31,55.7,21/11/2023,15:33:33
pe.com.pacifico.kuntur:ms-ne-obtener-datos-obra-gen,ms-ne-obtener-datos-obra-gen,90,80,8,90,,,,21/11/2023,15:33:33
pe.com.pacifico.kuntur:ms-ne-obtiene-datos-xml-pga,ms-ne-obtiene-datos-xml-pga,82.5,198,27,86.4,82,22,73.2,21/11/2023,15:33:33
pe.com.pacifico.kuntur:ms-ne-obtiene-servicios-producto-segmento,ms-ne-obtiene-servicios-producto-segmento,100,80,0,100,8,0,100,21/11/2023,15:33:33
pe.com.pacifico.kuntur:ms-ne-op-cobranza-anula-afiliaciones-polizas-vda,ms-ne-op-cobranza-anula-afiliaciones-polizas-vda,71.8,78,22,71.8,,,,21/11/2023,15:33:33
pe.com.pacifico.kuntur:ms-ne-op-cobranza-anula-documento-polizas-vda,ms-ne-op-cobranza-anula-documento-polizas-vda,100,51,0,100,,,,21/11/2023,15:33:33
pe.com.pacifico.kuntur:ms-ne-op-cobranza-registra-acreencia-polizas-vda,ms-ne-op-cobranza-registra-acreencia-polizas-vda,80.3,121,22,81.8,6,3,50,21/11/2023,15:33:33
pe.com.pacifico.kuntur:ms-ne-op-cobranza-registra-afiliaciones-polizas-vda,ms-ne-op-cobranza-registra-afiliaciones-polizas-vda,74.4,86,22,74.4,,,,21/11/2023,15:33:33
pe.com.pacifico.kuntur:ms-ne-op-cobranza-registra-obligaciones-polizas-vda,ms-ne-op-cobranza-registra-obligaciones-polizas-vda,79.7,117,22,81.2,6,3,50,21/11/2023,15:33:33
pe.com.pacifico.kuntur:ms-ne-op-cobranza-registra-polizas-vda,ms-ne-op-cobranza-registra-polizas-vda,73.2,82,22,73.2,,,,21/11/2023,15:33:33
pe.com.pacifico.kuntur:ms-ne-pago-genera-recibo-pago-rentas-vda,ms-ne-pago-genera-recibo-pago-rentas-vda,82.6,436,48,89,145,53,63.4,21/11/2023,15:33:33
pe.com.pacifico.kuntur:ms-ne-procesa-poliza-particular-rentas,ms-ne-procesa-poliza-particular-rentas,62.7,309,102,67,42,29,31,21/11/2023,15:33:33
pe.com.pacifico.kuntur:ms-ne-procesa-solicitud-siniestro-sib-pga,ms-ne-procesa-solicitud-siniestro-sib-pga,81.5,858,129,85,205,68,66.8,21/11/2023,15:33:33
pe.com.pacifico.kuntur:ms-ne-productos-protege-pga,ms-ne-productos-protege-pga,100,46,0,100,2,0,100,21/11/2023,15:33:33
pe.com.pacifico.kuntur:ms-ne-progreso-curso,ms-ne-progreso-curso,100,306,0,100,36,0,100,21/11/2023,15:33:33
pe.com.pacifico.kuntur:ms-ne-prospecto-rentas,ms-ne-prospecto-rentas,76.8,181,32,82.3,30,17,43.3,21/11/2023,15:33:33
pe.com.pacifico.kuntur:ms-ne-registra-alta-contratante-pga,ms-ne-registra-alta-contratante-pga,100,371,0,100,82,0,100,21/11/2023,15:33:33
pe.com.pacifico.kuntur:ms-ne-registra-archivo-pga,ms-ne-registra-archivo-pga,94.8,654,16,97.6,42,20,52.4,21/11/2023,15:33:33
pe.com.pacifico.kuntur:ms-ne-registra-aviso-siniestro-rrll-pga,ms-ne-registra-aviso-siniestro-rrll-pga,88.2,808,79,90.2,258,47,81.8,21/11/2023,15:33:33
pe.com.pacifico.kuntur:ms-ne-registra-incidencia-crm,ms-ne-registra-incidencia-crm,0,64,64,0,2,2,0,21/11/2023,15:33:33
pe.com.pacifico.kuntur:ms-ne-registra-respuesta-documento-abby,ms-ne-registra-respuesta-documento-abby,85.4,172,22,87.2,34,8,76.5,21/11/2023,15:33:33
pe.com.pacifico.kuntur:ms-ne-retorno-link-pdf-dana-desencolar,ms-ne-retorno-link-pdf-dana-desencolar,98,49,0,100,2,1,50,21/11/2023,15:33:34
pe.com.pacifico.kuntur:ms-ne-seguro-desgravamen-asegurado-desgravamen-digital-vda,ms-ne-seguro-desgravamen-asegurado-desgravamen-digital-vda,82.4,513,78,84.8,48,21,56.3,21/11/2023,15:33:34
pe.com.pacifico.kuntur:ms-ne-seguro-desgravamen-cita-medica-desgravamen-digital-vda,ms-ne-seguro-desgravamen-cita-medica-desgravamen-digital-vda,87.3,1060,97,90.8,158,58,63.3,21/11/2023,15:33:34
pe.com.pacifico.kuntur:ms-ne-seguro-desgravamen-evaluacion-desgravamen-digital-vda,ms-ne-seguro-desgravamen-evaluacion-desgravamen-digital-vda,84.1,2377,278,88.3,426,168,60.6,21/11/2023,15:33:34
pe.com.pacifico.kuntur:ms-ne-seguro-desgravamen-maestro-desgravamen-digital-vda,ms-ne-seguro-desgravamen-maestro-desgravamen-digital-vda,91,619,31,95,116,35,69.8,21/11/2023,15:33:34
pe.com.pacifico.kuntur:ms-ne-seguro-desgravamen-requisito-desgravamen-digital-vda,ms-ne-seguro-desgravamen-requisito-desgravamen-digital-vda,85.1,1708,170,90,346,136,60.7,21/11/2023,15:33:34
pe.com.pacifico.kuntur:ms-ne-seguro-desgravamen-solicitud-desgravamen-digital-vda,ms-ne-seguro-desgravamen-solicitud-desgravamen-digital-vda,83.3,3086,411,86.7,498,189,62,21/11/2023,15:33:34
pe.com.pacifico.kuntur:ms-ne-servicio-al-cliente-consulta-maestrosseguros-pga,ms-ne-servicio-al-cliente-consulta-maestrosseguros-pga,96,48,2,95.8,2,0,100,21/11/2023,15:33:34
pe.com.pacifico.kuntur:ms-ne-servicio-al-cliente-consulta-persona-ato-pga,ms-ne-servicio-al-cliente-consulta-persona-ato-pga,55.5,94,39,58.5,16,10,37.5,21/11/2023,15:33:34
pe.com.pacifico.kuntur:ms-ne-servicio-al-cliente-consulta-persona-pga,ms-ne-servicio-al-cliente-consulta-persona-pga,92.7,88,5,94.3,8,2,75,21/11/2023,15:33:34
pe.com.pacifico.tup:ms-ne-servicio-al-cliente-consulta-persona-tup-pga,ms-ne-servicio-al-cliente-consulta-persona-tup-pga,93.3,293,11,96.2,82,14,82.9,21/11/2023,15:33:38
pe.com.pacifico.kuntur:ms-ne-servicio-al-cliente-consulta-poliza-salud,ms-ne-servicio-al-cliente-consulta-poliza-salud,87.8,115,9,92.2,32,9,71.9,21/11/2023,15:33:34
pe.com.pacifico.kuntur:ms-ne-servicio-al-cliente-consulta-poliza-viap-vda,ms-ne-servicio-al-cliente-consulta-poliza-viap-vda,0,661,661,0,,,,21/11/2023,15:33:34
pe.com.pacifico.kuntur:ms-ne-servicio-al-cliente-consulta-score-persona-pga,ms-ne-servicio-al-cliente-consulta-score-persona-pga,98.8,147,0,100,20,2,90,21/11/2023,15:33:34
pe.com.pacifico.kuntur:ms-ne-servicio-al-cliente-consulta-seguros-pga,ms-ne-servicio-al-cliente-consulta-seguros-pga,79.2,408,56,86.3,68,43,36.8,21/11/2023,15:33:34
pe.com.pacifico.kuntur:ms-ne-servicio-al-cliente-consulta-seguros-sld,ms-ne-servicio-al-cliente-consulta-seguros-sld,94.3,458,21,95.4,48,8,83.3,21/11/2023,15:33:34
pe.com.pacifico.kuntur:ms-ne-servicio-al-cliente-consulta-seguros-vda,ms-ne-servicio-al-cliente-consulta-seguros-vda,96.8,369,8,97.8,32,5,84.4,21/11/2023,15:33:34
pe.com.pacifico.kuntur:ms-ne-servicio-al-cliente-documentos-cliente-gen,ms-ne-servicio-al-cliente-documentos-cliente-gen,89.7,197,12,93.9,66,15,77.3,21/11/2023,15:33:34
pe.com.pacifico.kuntur:ms-ne-servicio-al-cliente-documentos-cliente-vda,ms-ne-servicio-al-cliente-documentos-cliente-vda,87.7,163,15,90.8,40,10,75,21/11/2023,15:33:34
pe.com.pacifico.kuntur:ms-ne-servicio-al-cliente-evalua-nivel-riesgo-persona-ato-pga,ms-ne-servicio-al-cliente-evalua-nivel-riesgo-persona-ato-pga,96.7,379,3,99.2,112,13,88.4,21/11/2023,15:33:34
pe.com.pacifico.kuntur:ms-ne-servicio-al-cliente-gestion-archivos-reembolsos,ms-ne-servicio-al-cliente-gestion-archivos-reembolsos,100,203,0,100,36,0,100,21/11/2023,15:33:34
pe.com.pacifico.kuntur:ms-ne-servicio-al-cliente-gestion-de-documentos-cliente-pga,ms-ne-servicio-al-cliente-gestion-de-documentos-cliente-pga,100,34,0,100,,,,21/11/2023,15:33:34
pe.com.pacifico.kuntur:ms-ne-servicio-al-cliente-gestion-incidentes-crm-pga,ms-ne-servicio-al-cliente-gestion-incidentes-crm-pga,95.4,133,4,97,18,3,83.3,21/11/2023,15:33:34
pe.com.pacifico.kuntur:ms-ne-servicio-al-cliente-gestion-reembolsos,ms-ne-servicio-al-cliente-gestion-reembolsos,79.4,715,150,79,120,22,81.7,21/11/2023,15:33:34
pe.com.pacifico.kuntur:ms-ne-servicioiniciaemisionhogar,ms-ne-servicioiniciaemisionhogar,92,92,3,96.7,20,6,70,21/11/2023,15:33:34
pe.com.pacifico.kuntur:ms-ne-simulacion-valorcuota-vida-inv-vda,ms-ne-simulacion-valorcuota-vida-inv-vda,98,99,2,98,2,0,100,21/11/2023,15:33:34
pe.com.pacifico.kuntur:ms-ne-solicita-envio-facturacion-cliente,ms-ne-solicita-envio-facturacion-cliente,85.7,167,15,91,36,14,61.1,21/11/2023,15:33:34
pe.com.pacifico.kuntur:ms-ne-solicitud-alias-cobertura-viap-vda,ms-ne-solicitud-alias-cobertura-viap-vda,36,130,83,36.2,6,4,33.3,21/11/2023,15:33:34
pe.com.pacifico.kuntur:ms-ne-solicitud-auditoria-talleres,ms-ne-solicitud-auditoria-talleres,88.7,611,78,87.2,134,6,95.5,21/11/2023,15:33:34
pe.com.pacifico.kuntur:ms-ne-solicitud-beneficiario-rentas-vda,ms-ne-solicitud-beneficiario-rentas-vda,12.5,172,150,12.8,4,4,0,21/11/2023,15:33:34
sqp_c68b24deab5fee997a253b1d9ae2d73b9b2ee007,ms-ne-solicitud-configuracion-rentas-vda,65.5,399,132,66.9,30,16,46.7,21/11/2023,15:33:39
pe.com.pacifico.kuntur:ms-ne-solicitud-consulta-beneficios-viap-vda,ms-ne-solicitud-consulta-beneficios-viap-vda,44.4,36,20,44.4,,,,21/11/2023,15:33:34
pe.com.pacifico.kuntur:ms-ne-solicitud-consulta-exclusiones-viap-vda,ms-ne-solicitud-consulta-exclusiones-viap-vda,23.9,130,98,24.6,8,7,12.5,21/11/2023,15:33:34
pe.com.pacifico.kuntur:ms-ne-solicitud-emision-poliza-rrgg,ms-ne-solicitud-emision-poliza-rrgg,18.4,167,131,21.6,50,46,8,21/11/2023,15:33:34
pe.com.pacifico.kuntur:ms-ne-solicitud-preguntas-rentas-vda,ms-ne-solicitud-preguntas-rentas-vda,50.2,227,97,57.3,44,38,13.6,21/11/2023,15:33:34
pe.com.pacifico.kuntur:ms-ne-solicitud-registra-configuracion-rentas-vda,ms-ne-solicitud-registra-configuracion-rentas-vda,88.8,99,9,90.9,8,3,62.5,21/11/2023,15:33:34
pe.com.pacifico.kuntur:ms-ne-solicitud-siniestro-autos-gen,ms-ne-solicitud-siniestro-autos-gen,96.7,440,6,98.6,20,9,55,21/11/2023,15:33:34
pe.com.pacifico.kuntur:ms-ne-solicitud-textos-legales-viap-vda,ms-ne-solicitud-textos-legales-viap-vda,44.4,133,73,45.1,2,2,0,21/11/2023,15:33:34
pe.com.pacifico.kuntur:ms-ne-solicitud-valida-persona-viap-vda,ms-ne-solicitud-valida-persona-viap-vda,54.8,166,63,62,42,31,26.2,21/11/2023,15:33:34
pe.com.pacifico.kuntur:ms-ne-solicitud-venta-digital-rentas-vda,ms-ne-solicitud-venta-digital-rentas-vda,58.9,2367,936,60.5,236,134,43.2,21/11/2023,15:33:34
pe.com.pacifico.kuntur:ms-ne-sp-transforma-mensaje-documento-gen,ms-ne-sp-transforma-mensaje-documento-gen,75,366,62,83.1,138,64,53.6,21/11/2023,15:33:34
pe.com.pacifico.kuntur:ms-ne-srf-siniestro-autos,ms-ne-srf-siniestro-autos,100,76,0,100,16,0,100,21/11/2023,15:33:34
pe.com.pacifico.kuntur:ms-ne-tarificador-endoso-plankm,ms-ne-tarificador-endoso-plankm,90.7,41,3,92.7,2,1,50,21/11/2023,15:33:34
pe.com.pacifico.kuntur:ms-ne-tarificador-endosos-generales,ms-ne-tarificador-endosos-generales,82.5,79,13,83.5,18,4,77.8,21/11/2023,15:33:34
pe.com.pacifico.kuntur:ms-ne-tarificador-mtecnico-pesado-generales,ms-ne-tarificador-mtecnico-pesado-generales,17.2,246,201,18.3,92,79,14.1,21/11/2023,15:33:34
pe.com.pacifico.kuntur:ms-ne-tarificador-precot-transformaciones,ms-ne-tarificador-precot-transformaciones,2.6,948,913,3.7,492,490,0.4,21/11/2023,15:33:34
pe.com.pacifico.kuntur:ms-ne-tenencia-poliza-pt-pga,ms-ne-tenencia-poliza-pt-pga,87.4,195,15,92.3,58,17,70.7,21/11/2023,15:33:34
pe.com.pacifico.kuntur:ms-ne-tom-gestion-asignacion,ms-ne-tom-gestion-asignacion,100,1547,0,100,132,0,100,21/11/2023,15:33:34
pe.com.pacifico.kuntur:ms-ne-tom-gestion-chapters,ms-ne-tom-gestion-chapters,100,346,0,100,28,0,100,21/11/2023,15:33:34
pe.com.pacifico.kuntur:ms-ne-tom-gestion-colaboradores,ms-ne-tom-gestion-colaboradores,100,1211,0,100,88,0,100,21/11/2023,15:33:34
pe.com.pacifico.kuntur:ms-ne-tom-gestion-glosas,ms-ne-tom-gestion-glosas,100,1057,0,100,102,0,100,21/11/2023,15:33:34
pe.com.pacifico.kuntur:ms-ne-tom-gestion-glosas-facturacion,ms-ne-tom-gestion-glosas-facturacion,100,78,0,100,4,0,100,21/11/2023,15:33:34
pe.com.pacifico.kuntur:ms-ne-tom-gestion-proveedores,ms-ne-tom-gestion-proveedores,100,733,0,100,22,0,100,21/11/2023,15:33:35
pe.com.pacifico.kuntur:ms-ne-tom-gestion-servicios-proyecto,ms-ne-tom-gestion-servicios-proyecto,100,236,0,100,14,0,100,21/11/2023,15:33:35
pe.com.pacifico.kuntur:ms-ne-tom-gestion-squads,ms-ne-tom-gestion-squads,100,399,0,100,26,0,100,21/11/2023,15:33:35
pe.com.pacifico.kuntur:ms-ne-tom-gestion-tribus,ms-ne-tom-gestion-tribus,100,203,0,100,18,0,100,21/11/2023,15:33:35
pe.com.pacifico.kuntur:ms-ne-trazabilidad,ms-ne-trazabilidad,100,99,0,100,8,0,100,21/11/2023,15:33:35
pe.com.pacifico.kuntur:ms-ne-ubigeo-siniestros-autos,ms-ne-ubigeo-siniestros-autos,89.1,117,5,95.7,20,10,50,21/11/2023,15:33:35
pe.com.pacifico.kuntur:ms-ne-validacion-post-ocr-pga,ms-ne-validacion-post-ocr-pga,85.9,281,26,90.7,116,30,74.1,21/11/2023,15:33:35
pe.com.pacifico.kuntur:ms-ne-validacion-usuario-siniestros-vida-vda,ms-ne-validacion-usuario-siniestros-vida-vda,98,145,1,99.3,6,2,66.7,21/11/2023,15:33:35
pe.com.pacifico.kuntur:ms-ne-validadatospersona,ms-ne-validadatospersona,52.6,203,89,56.2,50,31,38,21/11/2023,15:33:35
pe.com.pacifico.kuntur:ms-ne-valoracion-curso,ms-ne-valoracion-curso,100,130,0,100,8,0,100,21/11/2023,15:33:35
pe.com.pacifico.kuntur:ms-ne-venta-cliente-ecommerce-pga,ms-ne-venta-cliente-ecommerce-pga,91,501,19,96.2,284,52,81.7,21/11/2023,15:33:35
pe.com.pacifico.kuntur:ms-ne-venta-codigo-descuento-soat-gen,ms-ne-venta-codigo-descuento-soat-gen,91.3,60,4,93.3,20,3,85,21/11/2023,15:33:35
pe.com.pacifico.kuntur:ms-ne-venta-consulta-estado-solicitud-venta-viap-vda,ms-ne-venta-consulta-estado-solicitud-venta-viap-vda,93.2,57,4,93,2,0,100,21/11/2023,15:33:35
pe.com.pacifico.kuntur:ms-ne-venta-consulta-prospecto-viap-vda,ms-ne-venta-consulta-prospecto-viap-vda,71.2,157,34,78.3,48,25,47.9,21/11/2023,15:33:35
pe.com.pacifico.kuntur:ms-ne-venta-envia-firmaelectronica-viap-vda,ms-ne-venta-envia-firmaelectronica-viap-vda,26,374,270,27.8,38,35,7.9,21/11/2023,15:33:35
pe.com.pacifico.kuntur:ms-ne-venta-envia-solicitud-venta-viap-vda,ms-ne-venta-envia-solicitud-venta-viap-vda,84.1,668,62,90.7,154,69,55.2,21/11/2023,15:33:35
pe.com.pacifico.kuntur:ms-ne-venta-genera-documentosevicertia-viap-vda,ms-ne-venta-genera-documentosevicertia-viap-vda,83.8,501,61,87.8,98,36,63.3,21/11/2023,15:33:35
pe.com.pacifico.kuntur:ms-ne-venta-genera-pdfsolicitud-viap-vda,ms-ne-venta-genera-pdfsolicitud-viap-vda,19.2,1965,1561,20.6,243,224,7.8,21/11/2023,15:33:35
pe.com.pacifico.kuntur:ms-ne-venta-genera-token-pago-pga,ms-ne-venta-genera-token-pago-pga,89.9,683,58,91.5,149,26,82.6,21/11/2023,15:33:35
pe.com.pacifico.kuntur:ms-ne-venta-grupo-vehiculo-soat-gen,ms-ne-venta-grupo-vehiculo-soat-gen,55,147,41,72.1,62,53,14.5,21/11/2023,15:33:35
pe.com.pacifico.kuntur:ms-ne-venta-guarda-solicitud-venta-reintentos-viap-vda,ms-ne-venta-guarda-solicitud-venta-reintentos-viap-vda,,,,,,,,21/11/2023,15:33:35
pe.com.pacifico.kuntur:ms-ne-venta-guarda-solicitud-venta-viap-vda,ms-ne-venta-guarda-solicitud-venta-viap-vda,96.5,51,1,98,6,1,83.3,21/11/2023,15:33:35
pe.com.pacifico.kuntur:ms-ne-venta-inserta-solicitud-venta-onpremise-viap-vda,ms-ne-venta-inserta-solicitud-venta-onpremise-viap-vda,75.7,685,120,82.5,150,83,44.7,21/11/2023,15:33:35
pe.com.pacifico.kuntur:ms-ne-venta-listanegra-soat-gen,ms-ne-venta-listanegra-soat-gen,94.6,31,0,100,6,2,66.7,21/11/2023,15:33:35
pe.com.pacifico.kuntur:ms-ne-venta-lugar-circulacion-soat-gen,ms-ne-venta-lugar-circulacion-soat-gen,94.2,88,3,96.6,16,3,81.3,21/11/2023,15:33:35
pe.com.pacifico.kuntur:ms-ne-venta-modelo-autos-gen,ms-ne-venta-modelo-autos-gen,68.9,93,25,73.1,10,7,30,21/11/2023,15:33:35
ms-ne-venta-nueva-consulta-cotizacion-autos-gen,ms-ne-venta-nueva-consulta-cotizacion-autos-gen,89.9,341,22,93.5,44,17,61.4,21/11/2023,15:33:29
pe.com.pacifico.kuntur:ms-ne-venta-nueva-registra-cotizacion-autos-gen,ms-ne-venta-nueva-registra-cotizacion-autos-gen,80.4,1648,166,89.9,713,297,58.3,21/11/2023,15:33:35
pe.com.pacifico.kuntur:ms-ne-venta-nueva-seguros-consulta-vehiculo-gen,ms-ne-venta-nueva-seguros-consulta-vehiculo-gen,97.2,474,6,98.7,60,9,85,21/11/2023,15:33:35
pe.com.pacifico.kuntur:ms-ne-venta-pago-niubiz-pga,ms-ne-venta-pago-niubiz-pga,99.3,473,4,99.2,62,0,100,21/11/2023,15:33:35
pe.com.pacifico.kuntur:ms-ne-venta-pago-safetypay-viap-vda,ms-ne-venta-pago-safetypay-viap-vda,98.8,156,0,100,16,2,87.5,21/11/2023,15:33:35
pe.com.pacifico.kuntur:ms-ne-venta-pago-viap-vda,ms-ne-venta-pago-viap-vda,79.5,331,52,84.3,74,31,58.1,21/11/2023,15:33:35
pe.com.pacifico.kuntur:ms-ne-venta-parametro-pago-pga,ms-ne-venta-parametro-pago-pga,98.6,420,6,98.6,64,1,98.4,21/11/2023,15:33:35
pe.com.pacifico.kuntur:ms-ne-venta-recepciona-informacion-pago-niubiz-pga,ms-ne-venta-recepciona-informacion-pago-niubiz-pga,82.8,176,33,81.3,16,0,100,21/11/2023,15:33:35
pe.com.pacifico.kuntur:ms-ne-venta-registra-requisitos-iniciales-solicitud-viap-vda,ms-ne-venta-registra-requisitos-iniciales-solicitud-viap-vda,93.1,191,8,95.8,12,6,50,21/11/2023,15:33:35
pe.com.pacifico.kuntur:ms-ne-venta-score-riesgo-fraude-soat-pga,ms-ne-venta-score-riesgo-fraude-soat-pga,94.3,469,11,97.7,164,25,84.8,21/11/2023,15:33:35
pe.com.pacifico.kuntur:ms-ne-venta-solicitud-soat-gen,ms-ne-venta-solicitud-soat-gen,72.9,465,69,85.2,232,120,48.3,21/11/2023,15:33:35
pe.com.pacifico.kuntur:ms-ne-venta-tarifario-soat-gen,ms-ne-venta-tarifario-soat-gen,96.3,50,1,98,4,1,75,21/11/2023,15:33:35
pe.com.pacifico.kuntur:ms-oi-anulacion-poliza-salud,ms-oi-anulacion-poliza-salud,66.7,18,6,66.7,,,,21/11/2023,15:33:35
pe.com.pacifico.kuntur:ms-oi-bcp-gestion-poliza-amed-salud,ms-oi-bcp-gestion-poliza-amed-salud,16.7,280,229,18.2,68,61,10.3,21/11/2023,15:33:35
pe.com.pacifico.kuntur:ms-oi-ci-pcea-gestion-clientes,ms-oi-ci-pcea-gestion-clientes,100,97,0,100,,,,21/11/2023,15:33:35
pe.com.pacifico.kuntur:ms-oi-ci-pcea-gestion-cotizacion-vehicular,ms-oi-ci-pcea-gestion-cotizacion-vehicular,100,132,0,100,,,,21/11/2023,15:33:35
pe.com.pacifico.kuntur:ms-oi-ci-pcea-gestion-datos-cotizacion-vehicular,ms-oi-ci-pcea-gestion-datos-cotizacion-vehicular,100,112,0,100,,,,21/11/2023,15:33:35
pe.com.pacifico.kuntur:ms-oi-ci-pcea-gestion-poliza-vehicular,ms-oi-ci-pcea-gestion-poliza-vehicular,100,104,0,100,,,,21/11/2023,15:33:35
pe.com.pacifico.kuntur:ms-oi-cobranzas-consulta-pagos-poliza-salud,ms-oi-cobranzas-consulta-pagos-poliza-salud,100,116,0,100,34,0,100,21/11/2023,15:33:35
pe.com.pacifico.kuntur:ms-oi-consulta-suma-asegurada-autos-falabella-gen,ms-oi-consulta-suma-asegurada-autos-falabella-gen,98.1,48,1,97.9,4,0,100,21/11/2023,15:33:35
pe.com.pacifico.kuntur:ms-oi-cotizacion-autos-falabella-gen,ms-oi-cotizacion-autos-falabella-gen,0,378,378,0,,,,21/11/2023,15:33:35
pe.com.pacifico.kuntur:ms-oi-cotizacion-poliza-tps-pga,ms-oi-cotizacion-poliza-tps-pga,50,6,3,50,,,,21/11/2023,15:33:35
pe.com.pacifico.kuntur:ms-oi-cotizacion-poliza-tps-yape-pga,ms-oi-cotizacion-poliza-tps-yape-pga,50,6,3,50,,,,21/11/2023,15:33:35
pe.com.pacifico.kuntur:ms-oi-cotizacion-tps-yape-pga,ms-oi-cotizacion-tps-yape-pga,50,6,3,50,,,,21/11/2023,15:33:35
pe.com.pacifico.kuntur:ms-oi-eacl-danios-siniestro-autos,ms-oi-eacl-danios-siniestro-autos,87.1,79,7,91.1,6,4,33.3,21/11/2023,15:33:35
pe.com.pacifico.kuntur:ms-oi-emision-poliza-tps-bcp-pga,ms-oi-emision-poliza-tps-bcp-pga,100,44,0,100,,,,21/11/2023,15:33:35
pe.com.pacifico.kuntur:ms-oi-emision-poliza-tps-yape-pga,ms-oi-emision-poliza-tps-yape-pga,100,44,0,100,,,,21/11/2023,15:33:35
pe.com.pacifico.kuntur:ms-oi-emision-tps-yape-pga,ms-oi-emision-tps-yape-pga,100,44,0,100,,,,21/11/2023,15:33:35
pe.com.pacifico.kuntur:ms-oi-friss-riesgo-persona,ms-oi-friss-riesgo-persona,95.5,247,5,98,65,9,86.2,21/11/2023,15:33:35
pe.com.pacifico.kuntur:ms-oi-friss-riesgo-vehiculo,ms-oi-friss-riesgo-vehiculo,97.6,315,2,99.4,110,8,92.7,21/11/2023,15:33:35
pe.com.pacifico.kuntur:ms-oi-ma-bcp-bmo-adquiere-soat,ms-oi-ma-bcp-bmo-adquiere-soat,1,1105,1090,1.4,336,336,0,21/11/2023,15:33:35
pe.com.pacifico.kuntur:ms-oi-ma-dana-confirmadocumentodana-gen,ms-oi-ma-dana-confirmadocumentodana-gen,91.5,41,2,95.1,6,2,66.7,21/11/2023,15:33:35
pe.com.pacifico.kuntur:ms-oi-mnk-gestion-venta-soat,ms-oi-mnk-gestion-venta-soat,91.5,429,16,96.3,122,31,74.6,21/11/2023,15:33:35
pe.com.pacifico.kuntur:ms-oi-mnk-tenencia-poliza-pt,ms-oi-mnk-tenencia-poliza-pt,86,70,12,82.9,16,0,100,21/11/2023,15:33:35
pe.com.pacifico.kuntur:ms-oi-psig-gestion-siniestro-autos,ms-oi-psig-gestion-siniestro-autos,85.1,160,13,91.9,28,15,46.4,21/11/2023,15:33:35
pe.com.pacifico.kuntur:ms-oi-registra-emision-autos-falabella-gen,ms-oi-registra-emision-autos-falabella-gen,90.8,65,6,90.8,,,,21/11/2023,15:33:36
pe.com.pacifico.kuntur:ms-oi-servicio-al-cliente-consulta-poliza-salud,ms-oi-servicio-al-cliente-consulta-poliza-salud,29.7,117,78,33.3,38,31,18.4,21/11/2023,15:33:36
pe.com.pacifico.kuntur:ms-oi-tenencia-poliza-pt-pga,ms-oi-tenencia-poliza-pt-pga,96,23,0,100,2,1,50,21/11/2023,15:33:36
pe.com.pacifico.kuntur:ms-registra-incidente-endoso-crm,ms-registra-incidente-endoso-crm,80.7,139,23,83.5,22,8,63.6,21/11/2023,15:33:36
com.everis.ecnf:ms-sp-arquitectura-genera-proyecto-inicial-pga,ms-sp-arquitectura-genera-proyecto-inicial-pga,85.8,214,31,85.5,18,2,88.9,21/11/2023,15:33:28
pe.com.pacifico.kuntur:ms-sp-arquitectura-genera-proyecto-inicial-pga,ms-sp-arquitectura-genera-proyecto-inicial-pga,96.3,179,5,97.2,10,2,80,21/11/2023,15:33:36
pe.com.pacifico.kuntur:ms-sp-arquitectura-kuntur-base-pga,ms-sp-arquitectura-kuntur-base-pga,0,124,124,0,,,,21/11/2023,15:33:36
pe.com.pacifico.kuntur:ms-sp-autorizacion-acceso,ms-sp-autorizacion-acceso,93.5,699,29,95.9,60,20,66.7,21/11/2023,15:33:36
pe.com.pacifico.kuntur:ms-sp-calcular-prima-poliza-gen,ms-sp-calcular-prima-poliza-gen,69.2,63,20,68.3,2,0,100,21/11/2023,15:33:36
pe.com.pacifico.kuntur:ms-sp-calculo-devolucion-desgravamen,ms-sp-calculo-devolucion-desgravamen,93,316,13,95.9,70,14,80,21/11/2023,15:33:36
pe.com.pacifico.kuntur:ms-sp-comunicacion-modelo-dia,ms-sp-comunicacion-modelo-dia,51.9,125,61,51.2,8,3,62.5,21/11/2023,15:33:36
pe.com.pacifico.kuntur:ms-sp-consulta-codigo-proceso-gen,ms-sp-consulta-codigo-proceso-gen,100,33,0,100,,,,21/11/2023,15:33:36
pe.com.pacifico.kuntur:ms-sp-consultapolizapt,ms-sp-consultapolizapt,86.6,875,71,91.9,350,93,73.4,21/11/2023,15:33:36
pe.com.pacifico.kuntur:ms-sp-consultapolizapt-vda,ms-sp-consultapolizapt-vda,84.1,899,96,89.3,364,105,71.2,21/11/2023,15:33:36
pe.com.pacifico.kuntur:ms-sp-cotizacion-genera-slip-trin-gen,ms-sp-cotizacion-genera-slip-trin-gen,89.3,660,48,92.7,88,32,63.6,21/11/2023,15:33:36
pe.com.pacifico.kuntur:ms-sp-cotizacion-genera-slip-vida-ley-empleados-vda,ms-sp-cotizacion-genera-slip-vida-ley-empleados-vda,100,33,0,100,,,,21/11/2023,15:33:36
pe.com.pacifico.kuntur:ms-sp-desgravamen-registra-persona-desgravamen-digital-vda,ms-sp-desgravamen-registra-persona-desgravamen-digital-vda,88.9,46,5,89.1,8,1,87.5,21/11/2023,15:33:36
pe.com.pacifico.kuntur:ms-sp-envio-estado-cuenta,ms-sp-envio-estado-cuenta,86.8,97,8,91.8,24,8,66.7,21/11/2023,15:33:36
pe.com.pacifico.kuntur:ms-sp-envioboletafactura-cliente,ms-sp-envioboletafactura-cliente,85.4,108,12,88.9,22,7,68.2,21/11/2023,15:33:36
pe.com.pacifico.kuntur:ms-sp-equivalenciaatributospersonagw,ms-sp-equivalenciaatributospersonagw,96.9,191,1,99.5,34,6,82.4,21/11/2023,15:33:36
pe.com.pacifico.kuntur:ms-sp-genera-invitacion-magic-link,ms-sp-genera-invitacion-magic-link,100,158,0,100,24,0,100,21/11/2023,15:33:36
pe.com.pacifico.kuntur:ms-sp-generacion-envio-constancia-cliente,ms-sp-generacion-envio-constancia-cliente,88,388,36,90.7,70,19,72.9,21/11/2023,15:33:36
pe.com.pacifico.kuntur:ms-sp-generacion-envio-pago-cliente,ms-sp-generacion-envio-pago-cliente,81.5,318,36,88.7,98,41,58.2,21/11/2023,15:33:36
pe.com.pacifico.kuntur:ms-sp-generacion-valoracion-certificacion-acumulada,ms-sp-generacion-valoracion-certificacion-acumulada,100,69,0,100,4,0,100,21/11/2023,15:33:36
pe.com.pacifico.kuntur:ms-sp-gestion-carga-colaborador,ms-sp-gestion-carga-colaborador,100,254,0,100,46,0,100,21/11/2023,15:33:36
pe.com.pacifico.kuntur:ms-sp-gestion-entidades-seguridad,ms-sp-gestion-entidades-seguridad,85.7,534,72,86.5,38,10,73.7,21/11/2023,15:33:36
pe.com.pacifico.kuntur:ms-sp-gestion-poliza-apeseg,ms-sp-gestion-poliza-apeseg,83.3,22,3,86.4,2,1,50,21/11/2023,15:33:36
pe.com.pacifico.kuntur:ms-sp-gestion-satisfaccion-usuario,ms-sp-gestion-satisfaccion-usuario,85.7,147,4,97.3,70,27,61.4,21/11/2023,15:33:36
pe.com.pacifico.kuntur:ms-sp-identificacion-biometrica-auditoria-pga,ms-sp-identificacion-biometrica-auditoria-pga,88.2,41,4,90.2,10,2,80,21/11/2023,15:33:36
pe.com.pacifico.kuntur:ms-sp-identificacion-biometrica-valida-facial-persona-pga,ms-sp-identificacion-biometrica-valida-facial-persona-pga,90.4,242,18,92.6,50,10,80,21/11/2023,15:33:36
pe.com.pacifico.kuntur:ms-sp-mensajeria-envia-documentos-cliente-pga,ms-sp-mensajeria-envia-documentos-cliente-pga,86,221,24,89.1,36,12,66.7,21/11/2023,15:33:36
pe.com.pacifico.kuntur:ms-sp-mensajeria-envia-siniestro-autos,ms-sp-mensajeria-envia-siniestro-autos,90.8,288,14,95.1,48,17,64.6,21/11/2023,15:33:36
pe.com.pacifico.kuntur:ms-sp-mensajeria-envia-solicitud-emision-rrgg,ms-sp-mensajeria-envia-solicitud-emision-rrgg,0.4,1348,1342,0.4,397,396,0.3,21/11/2023,15:33:36
pe.com.pacifico.kuntur:ms-sp-mensajeria-envia-solicitud-siniestros-pga,ms-sp-mensajeria-envia-solicitud-siniestros-pga,89.1,388,28,92.8,128,28,78.1,21/11/2023,15:33:36
pe.com.pacifico.kuntur:ms-sp-mensajeria-envia-solicitud-vida-ley-empleados-vda,ms-sp-mensajeria-envia-solicitud-vida-ley-empleados-vda,93.4,170,10,94.1,12,2,83.3,21/11/2023,15:33:36
pe.com.pacifico.kuntur:ms-sp-mensajeria-recibe-siniestro-autos,ms-sp-mensajeria-recibe-siniestro-autos,89.9,119,8,93.3,10,5,50,21/11/2023,15:33:36
pe.com.pacifico.kuntur:ms-sp-mensajeria-recibe-siniestro-autos-asiste-gen,ms-sp-mensajeria-recibe-siniestro-autos-asiste-gen,87.8,74,10,86.5,8,0,100,21/11/2023,15:33:36
pe.com.pacifico.kuntur:ms-sp-mensajeria-recibe-solicitud-emision-rrgg,ms-sp-mensajeria-recibe-solicitud-emision-rrgg,1.4,99,97,2,44,44,0,21/11/2023,15:33:36
pe.com.pacifico.kuntur:ms-sp-mensajeria-recibe-solicitud-vida-ley-empleados-vda,ms-sp-mensajeria-recibe-solicitud-vida-ley-empleados-vda,85.1,143,18,87.4,18,6,66.7,21/11/2023,15:33:36
pe.com.pacifico.kuntur:ms-sp-mensajeria-reintenta-siniestro-autos,ms-sp-mensajeria-reintenta-siniestro-autos,92.2,69,3,95.7,8,3,62.5,21/11/2023,15:33:36
pe.com.pacifico.kuntur:ms-sp-mensajeria-reintenta-siniestro-autos-asiste-gen,ms-sp-mensajeria-reintenta-siniestro-autos-asiste-gen,100,17,0,100,,,,21/11/2023,15:33:36
pe.com.pacifico.kuntur:ms-sp-mensajeria-reintenta-solicitud-emision-rrgg,ms-sp-mensajeria-reintenta-solicitud-emision-rrgg,,,,,,,,21/11/2023,15:33:36
pe.com.pacifico.kuntur:ms-sp-mensajeria-reintenta-solicitud-vida-ley-empleados-vda,ms-sp-mensajeria-reintenta-solicitud-vida-ley-empleados-vda,,,,,,,,21/11/2023,15:33:36
pe.com.pacifico.kuntur:ms-sp-portal-de-empresas-genera-base-de-datos-pga,ms-sp-portal-de-empresas-genera-base-de-datos-pga,100,3,0,100,,,,21/11/2023,15:33:36
pe.com.pacifico.kuntur:ms-sp-procesa-carga-colaborador,ms-sp-procesa-carga-colaborador,96.6,296,7,97.6,52,5,90.4,21/11/2023,15:33:36
pe.com.pacifico.kuntur:ms-sp-prospeccion-consulta-contratante-pga,ms-sp-prospeccion-consulta-contratante-pga,81.6,405,65,84,74,23,68.9,21/11/2023,15:33:36
pe.com.pacifico.kuntur:ms-sp-prospeccion-valida-contratante-pga,ms-sp-prospeccion-valida-contratante-pga,100,48,0,100,8,0,100,21/11/2023,15:33:36
pe.com.pacifico.kuntur:ms-sp-recepciona-valoracion-certificacion-acumulada,ms-sp-recepciona-valoracion-certificacion-acumulada,100,27,0,100,8,0,100,21/11/2023,15:33:36
pe.com.pacifico.kuntur:ms-sp-reintenta-informacion-prepago-desgravamen,ms-sp-reintenta-informacion-prepago-desgravamen,,,,,,,,21/11/2023,15:33:36
pe.com.pacifico.kuntur:ms-sp-reintenta-procesa-carga-colaborador,ms-sp-reintenta-procesa-carga-colaborador,,,,,,,,21/11/2023,15:33:36
pe.com.pacifico.kuntur:ms-sp-retorno-link-pdf-dana-encolar,ms-sp-retorno-link-pdf-dana-encolar,98.9,79,0,100,8,1,87.5,21/11/2023,15:33:36
pe.com.pacifico.kuntur:ms-sp-score-riesgo-equifax,ms-sp-score-riesgo-equifax,99.4,141,1,99.3,18,0,100,21/11/2023,15:33:37
pe.com.pacifico.kuntur:ms-sp-soporte-ti-envia-documento-abby,ms-sp-soporte-ti-envia-documento-abby,94.7,73,3,95.9,2,1,50,21/11/2023,15:33:37
pe.com.pacifico.kuntur:ms-sp-soporte-ti-genera-codigo-cip-pga,ms-sp-soporte-ti-genera-codigo-cip-pga,81.1,35,7,80,2,0,100,21/11/2023,15:33:37
pe.com.pacifico.kuntur:ms-sp-soporte-ti-genera-codigo-safety-pay-pga,ms-sp-soporte-ti-genera-codigo-safety-pay-pga,82.4,98,15,84.7,4,3,25,21/11/2023,15:33:37
pe.com.pacifico.kuntur:ms-sp-soporte-ti-genera-token-pga,ms-sp-soporte-ti-genera-token-pga,23.8,91,69,24.2,10,8,20,21/11/2023,15:33:37
pe.com.pacifico.kuntur:ms-sp-soporte-ti-geografia-ecommerce-pga,ms-sp-soporte-ti-geografia-ecommerce-pga,75.2,109,22,79.8,8,7,12.5,21/11/2023,15:33:37
pe.com.pacifico.kuntur:ms-sp-soporte-ti-guarda-archivos-pga,ms-sp-soporte-ti-guarda-archivos-pga,86,111,13,88.3,10,4,60,21/11/2023,15:33:37
pe.com.pacifico.kuntur:ms-sp-soporte-ti-lee-archivos-pga,ms-sp-soporte-ti-lee-archivos-pga,93.9,163,6,96.3,35,6,82.9,21/11/2023,15:33:37
pe.com.pacifico.kuntur:ms-sp-valida-riesgo-geopoint,ms-sp-valida-riesgo-geopoint,84.1,47,5,89.4,22,6,72.7,21/11/2023,15:33:37
pe.com.pacifico.kuntur:ms-sp-venta-sincroniza-data-new-soat-gen,ms-sp-venta-sincroniza-data-new-soat-gen,81.8,219,10,95.4,132,54,59.1,21/11/2023,15:33:37
pe.com.pacifico.kuntur:ms-ux-alta-contratante,ms-ux-alta-contratante,100,46,0,100,2,0,100,21/11/2023,15:33:37
pe.com.pacifico.kuntur:ms-ux-ca-boes-gestion-pagos-soat,ms-ux-ca-boes-gestion-pagos-soat,98.1,147,3,98,10,0,100,21/11/2023,15:33:37
pe.com.pacifico.kuntur:ms-ux-ca-pcem-gestion-cotizacion-rrgg,ms-ux-ca-pcem-gestion-cotizacion-rrgg,95.7,93,4,95.7,,,,21/11/2023,15:33:37
pe.com.pacifico.kuntur:ms-ux-ca-pcem-gestion-documentos-rrgg,ms-ux-ca-pcem-gestion-documentos-rrgg,100,8,0,100,,,,21/11/2023,15:33:37
pe.com.pacifico.kuntur:ms-ux-ca-pcem-gestion-emision-rrgg,ms-ux-ca-pcem-gestion-emision-rrgg,2.2,214,208,2.8,64,64,0,21/11/2023,15:33:37
pe.com.pacifico.kuntur:ms-ux-ca-pcem-gestion-parametros-rrgg,ms-ux-ca-pcem-gestion-parametros-rrgg,100,53,0,100,,,,21/11/2023,15:33:37
pe.com.pacifico.kuntur:ms-ux-ca-PCET-gestion-polizas-generales,ms-ux-ca-PCET-gestion-polizas-generales,0,72,72,0,8,8,0,21/11/2023,15:33:37
pe.com.pacifico.kuntur:ms-ux-ca-pcta-gestion-poliza-trca,ms-ux-ca-pcta-gestion-poliza-trca,48.3,141,74,47.5,4,1,75,21/11/2023,15:33:37
pe.com.pacifico.kuntur:ms-ux-ca-sdmc-gestiondescuentoamedsalud,ms-ux-ca-sdmc-gestiondescuentoamedsalud,100,11,0,100,,,,21/11/2023,15:33:37
pe.com.pacifico.kuntur:ms-ux-chatbot-autos-consulta-siniestro-gen,ms-ux-chatbot-autos-consulta-siniestro-gen,0,33,33,0,,,,21/11/2023,15:33:37
pe.com.pacifico.kuntur:ms-ux-chatbot-envia-documentos-clientes-pga,ms-ux-chatbot-envia-documentos-clientes-pga,91.3,89,3,96.6,26,7,73.1,21/11/2023,15:33:37
pe.com.pacifico.kuntur:ms-ux-ciam-base-opera-token-sesion-pga,ms-ux-ciam-base-opera-token-sesion-pga,95.2,189,7,96.3,20,3,85,21/11/2023,15:33:37
pe.com.pacifico.kuntur:ms-ux-consulta-transporte-poliza-gen,ms-ux-consulta-transporte-poliza-gen,87.8,49,6,87.8,,,,21/11/2023,15:33:37
pe.com.pacifico.kuntur:ms-ux-cotizacion-notificacion-viap-vda,ms-ux-cotizacion-notificacion-viap-vda,100,90,0,100,4,0,100,21/11/2023,15:33:37
pe.com.pacifico.kuntur:ms-ux-di-sdmc-gestiondescuentoamedsalud,ms-ux-di-sdmc-gestiondescuentoamedsalud,100,11,0,100,,,,21/11/2023,15:33:37
pe.com.pacifico.kuntur:ms-ux-di-ssdr-gestionsolicituddigitalrentas,ms-ux-di-ssdr-gestionsolicituddigitalrentas,75,855,209,75.6,18,9,50,21/11/2023,15:33:37
pe.com.pacifico.kuntur:ms-ux-ecomsoat-pago-efectivo-callback-pga,ms-ux-ecomsoat-pago-efectivo-callback-pga,93.8,44,3,93.2,4,0,100,21/11/2023,15:33:37
pe.com.pacifico.kuntur:ms-ux-gestion-acceso,ms-ux-gestion-acceso,100,41,0,100,2,0,100,21/11/2023,15:33:37
pe.com.pacifico.kuntur:ms-ux-gestion-cobro,ms-ux-gestion-cobro,0,71,71,0,,,,21/11/2023,15:33:37
pe.com.pacifico.kuntur:ms-ux-gestion-colaborador,ms-ux-gestion-colaborador,100,41,0,100,2,0,100,21/11/2023,15:33:37
pe.com.pacifico.kuntur:ms-ux-gestion-curso,ms-ux-gestion-curso,100,97,0,100,4,0,100,21/11/2023,15:33:37
pe.com.pacifico.kuntur:ms-ux-gestion-curso-colaborador,ms-ux-gestion-curso-colaborador,100,93,0,100,2,0,100,21/11/2023,15:33:37
pe.com.pacifico.kuntur:ms-ux-identificacion-biometrica-valida-informacion-persona-pga,ms-ux-identificacion-biometrica-valida-informacion-persona-pga,81.9,118,17,85.6,26,9,65.4,21/11/2023,15:33:37
pe.com.pacifico.kuntur:ms-ux-ma-boea-gestion-proceso-interno-autos,ms-ux-ma-boea-gestion-proceso-interno-autos,88.8,532,52,90.2,38,12,68.4,21/11/2023,15:33:37
pe.com.pacifico.kuntur:ms-ux-ma-boes-gestion-proceso-interno-soat,ms-ux-ma-boes-gestion-proceso-interno-soat,0,142,142,0,8,8,0,21/11/2023,15:33:37
pe.com.pacifico.kuntur:ms-ux-ma-boev-gestion-proceso-interno-vida,ms-ux-ma-boev-gestion-proceso-interno-vida,89,291,28,90.4,8,5,37.5,21/11/2023,15:33:37
pe.com.pacifico.kuntur:ms-ux-ma-chve-gestion-notificacion-pagos-cliente,ms-ux-ma-chve-gestion-notificacion-pagos-cliente,82.4,99,13,86.9,26,9,65.4,21/11/2023,15:33:37
pe.com.pacifico.kuntur:ms-ux-ma-chve-gestion-siniestro-autos,ms-ux-ma-chve-gestion-siniestro-autos,92.2,504,29,94.2,50,14,72,21/11/2023,15:33:37
pe.com.pacifico.kuntur:ms-ux-ma-chve-gestionrelacioncliente,ms-ux-ma-chve-gestionrelacioncliente,96.7,28,0,100,2,1,50,21/11/2023,15:33:37
pe.com.pacifico.kuntur:ms-ux-ma-chve-solicita-facturacion-cliente,ms-ux-ma-chve-solicita-facturacion-cliente,81.8,111,15,86.5,26,10,61.5,21/11/2023,15:33:37
pe.com.pacifico.kuntur:ms-ux-ma-consultapersonaleads,ms-ux-ma-consultapersonaleads,0,31,31,0,,,,21/11/2023,15:33:37
pe.com.pacifico.kuntur:ms-ux-ma-ecau-adquiere-poliza-autos,ms-ux-ma-ecau-adquiere-poliza-autos,90.6,51,4,92.2,2,1,50,21/11/2023,15:33:37
pe.com.pacifico.kuntur:ms-ux-ma-ecau-gestion-poliza-autos,ms-ux-ma-ecau-gestion-poliza-autos,92.3,1505,88,94.2,205,44,78.5,21/11/2023,15:33:37
pe.com.pacifico.kuntur:ms-ux-ma-ecsoatcliente-gestion-soat,ms-ux-ma-ecsoatcliente-gestion-soat,85.2,2108,141,93.3,832,293,64.8,21/11/2023,15:33:37
pe.com.pacifico.kuntur:ms-ux-ma-ecvb-adquiere-poliza-vida,ms-ux-ma-ecvb-adquiere-poliza-vida,79.5,1120,216,80.7,151,44,70.9,21/11/2023,15:33:37
pe.com.pacifico.kuntur:ms-ux-ma-ecvd-gestion-poliza-vida,ms-ux-ma-ecvd-gestion-poliza-vida,96.2,1091,32,97.1,133,15,88.7,21/11/2023,15:33:37
pe.com.pacifico.kuntur:ms-ux-ma-ecvi-cotizacionpolizaviap,ms-ux-ma-ecvi-cotizacionpolizaviap,96.2,456,10,97.8,16,8,50,21/11/2023,15:33:37
pe.com.pacifico.kuntur:ms-ux-ma-ecvi-gestionrelacionescliente,ms-ux-ma-ecvi-gestionrelacionescliente,100,155,0,100,16,0,100,21/11/2023,15:33:37
pe.com.pacifico.kuntur:ms-ux-ma-ecvi-ventapolizaviap,ms-ux-ma-ecvi-ventapolizaviap,100,60,0,100,,,,21/11/2023,15:33:37
pe.com.pacifico.kuntur:ms-ux-ma-gestionprospectoleads,ms-ux-ma-gestionprospectoleads,0,99,99,0,,,,21/11/2023,15:33:37
pe.com.pacifico.kuntur:ms-ux-ma-spym-gestion-cliente-pyme,ms-ux-ma-spym-gestion-cliente-pyme,99.2,117,0,100,2,1,50,21/11/2023,15:33:38
pe.com.pacifico.kuntur:ms-ux-ma-tom-consolidacion-horas,ms-ux-ma-tom-consolidacion-horas,100,1322,0,100,4,0,100,21/11/2023,15:33:38
pe.com.pacifico.kuntur:ms-ux-ma-wash-gestionarchivosiniestros-hogar,ms-ux-ma-wash-gestionarchivosiniestros-hogar,92.6,81,5,93.8,14,2,85.7,21/11/2023,15:33:38
pe.com.pacifico.kuntur:ms-ux-ma-wbspoffs-gestionaseguradovidaindividual,ms-ux-ma-wbspoffs-gestionaseguradovidaindividual,90,251,14,94.4,28,14,50,21/11/2023,15:33:38
pe.com.pacifico.kuntur:ms-ux-mep-consulta-beneficios-cliente-pga,ms-ux-mep-consulta-beneficios-cliente-pga,96,23,0,100,2,1,50,21/11/2023,15:33:38
pe.com.pacifico.kuntur:ms-ux-mep-consulta-seguros-pga,ms-ux-mep-consulta-seguros-pga,82,130,19,85.4,20,8,60,21/11/2023,15:33:38
pe.com.pacifico.kuntur:ms-ux-mep-gestion-accesos,ms-ux-mep-gestion-accesos,98.1,310,3,99,10,3,70,21/11/2023,15:33:38
pe.com.pacifico.kuntur:ms-ux-mep-gestion-de-incidentes-crm-pga,ms-ux-mep-gestion-de-incidentes-crm-pga,100,20,0,100,,,,21/11/2023,15:33:38
pe.com.pacifico.kuntur:ms-ux-mep-gestion-reembolsos,ms-ux-mep-gestion-reembolsos,88.5,122,9,92.6,8,6,25,21/11/2023,15:33:38
pe.com.pacifico.kuntur:ms-ux-mep-gestion-siniestro-auto,ms-ux-mep-gestion-siniestro-auto,94.5,202,10,95,16,2,87.5,21/11/2023,15:33:38
pe.com.pacifico.kuntur:ms-ux-portal-de-corredores-registra-endoso-aplicacion-pago-pga,ms-ux-portal-de-corredores-registra-endoso-aplicacion-pago-pga,81.3,361,68,81.2,94,17,81.9,21/11/2023,15:33:38
pe.com.pacifico.kuntur:ms-ux-portal-de-corredores-registra-endoso-generico-pga,ms-ux-portal-de-corredores-registra-endoso-generico-pga,82.9,670,110,83.6,138,28,79.7,21/11/2023,15:33:38
pe.com.pacifico.kuntur:ms-ux-portal-de-empresas-consulta-productos-pga,ms-ux-portal-de-empresas-consulta-productos-pga,100,24,0,100,2,0,100,21/11/2023,15:33:38
pe.com.pacifico.kuntur:ms-ux-portal-empresas-consulta-clasificacion-contratante-pga,ms-ux-portal-empresas-consulta-clasificacion-contratante-pga,100,28,0,100,2,0,100,21/11/2023,15:33:38
pe.com.pacifico.kuntur:ms-ux-portal-empresas-gestion-servicios-producto,ms-ux-portal-empresas-gestion-servicios-producto,100,52,0,100,4,0,100,21/11/2023,15:33:38
pe.com.pacifico.kuntur:ms-ux-pv-crmp-consulta-seguros-generales,ms-ux-pv-crmp-consulta-seguros-generales,93.9,171,7,95.9,10,4,60,21/11/2023,15:33:38
pe.com.pacifico.kuntur:ms-ux-pv-crmp-documentos-seguros-generales,ms-ux-pv-crmp-documentos-seguros-generales,86.7,71,8,88.7,12,3,75,21/11/2023,15:33:38
pe.com.pacifico.kuntur:ms-ux-wbsp-gestiondocumento-siniestrovida-vida,ms-ux-wbsp-gestiondocumento-siniestrovida-vida,62,46,16,65.2,4,3,25,21/11/2023,15:33:38
pe.com.pacifico.kuntur:ms-ux-wbsp-guarda-archivo-vida,ms-ux-wbsp-guarda-archivo-vida,92.6,81,5,93.8,14,2,85.7,21/11/2023,15:33:38
org.springframework.boot:mtecnico,mtecnico,13,677,588,13.1,155,136,12.3,21/11/2023,15:33:29
pga-application-payment-portlet-frontend,pga-application-payment-portlet-frontend,0,205,205,0,,,,21/11/2023,15:33:38
be-portal-somos-corredores-pga-dxp:modules:pga:pga-carta_garantia-portlet,pga-carta_garantia-portlet,79.4,294,50,83,56,22,60.7,21/11/2023,15:33:28
be-portal-somos-corredores-pga-dxp:modules:pga:pga-cuota-portlet,pga-cuota-portlet,61.9,477,157,67.1,116,69,40.5,21/11/2023,15:33:28
portal-somos-corredores-pga-dxp:modules:pga:pga-poliza-portlet,pga-poliza-portlet,6.6,11038,10402,5.8,345,234,32.2,21/11/2023,15:33:39
be-portal-somos-corredores-pga-dxp:modules:pga:pga-siniestro-portlet,pga-siniestro-portlet,46.2,549,280,49,115,77,33,21/11/2023,15:33:28
portal-somos-corredores-pga-dxp:modules:pga:pga-siniestro-portlet,pga-siniestro-portlet,17.8,1618,1348,16.7,111,73,34.2,21/11/2023,15:33:39
portal-somos-corredores-pga-dxp:modules:pga:pga-trca-portlet,pga-trca-portlet,2.6,1083,1055,2.6,10,10,0,21/11/2023,15:33:39
pga-trca-portlet-javascript,pga-trca-portlet-javascript,0,722,722,0,,,,21/11/2023,15:33:38
pe.com.pacifico.dip.prisma:prisma,prisma,67.8,9069,2821,68.9,1220,490,59.8,21/11/2023,15:33:29
prisma-frontend,prisma-frontend,0,13840,13840,0,,,,21/11/2023,15:33:39
prisma-function,prisma-serverless,0,116,116,0,,,,21/11/2023,15:33:39
portalempresaprotege365:modules:protege365-administracion-cards-liferay,protege365-administracion-cards-liferay,0,631,631,0,196,196,0,21/11/2023,15:33:39
portalempresaprotege365:modules:protege365-administracion-cursos-liferay,protege365-administracion-cursos-liferay,0,627,627,0,116,116,0,21/11/2023,15:33:39
portalempresaprotege365:modules:protege365-administracion-evaluaciones-liferay,protege365-administracion-evaluaciones-liferay,0,426,426,0,85,85,0,21/11/2023,15:33:39
PortalEmpresaProtege365:modules:protege365-redirect-b2c,protege365-redirect-b2c,0,4300,4300,0,,,,21/11/2023,15:33:28
portalempresaprotege365:modules:protege365-redirect-b2c,protege365-redirect-b2c,0,26,26,0,,,,21/11/2023,15:33:39
PortalEmpresaProtege365:modules:protege365-redirect-home,protege365-redirect-home,0,4305,4305,0,,,,21/11/2023,15:33:28
protege365-redirect-home,protege365-redirect-home,,,,,,,,21/11/2023,15:33:39
cotizadores-rrgg-corredores-dxp:modules:rrgg:rrgg-busqueda-portlet,rrgg-busqueda-portlet,0,4637,4637,0,,,,21/11/2023,15:33:28
cotizadores-rrgg-corredores-dxp:modules:rrgg:rrgg-commons,rrgg-commons,0,60,60,0,,,,21/11/2023,15:33:28
cotizadores-rrgg-corredores-dxp:modules:rrgg:rrgg-cotizacion-car-portlet,rrgg-cotizacion-car-portlet,0,4811,4811,0,,,,21/11/2023,15:33:29
cotizadores-rrgg-corredores-dxp:modules:rrgg:rrgg-cotizacion-trec-portlet,rrgg-cotizacion-trec-portlet,0,151,151,0,,,,21/11/2023,15:33:29
cotizadores-rrgg-corredores-dxp:modules:rrgg:rrgg-dana-api,rrgg-dana-api,,,,,,,,21/11/2023,15:33:29
cotizadores-rrgg-corredores-dxp:modules:rrgg:rrgg-dana-service,rrgg-dana-service,0,67,67,0,,,,21/11/2023,15:33:29
cotizadores-rrgg-corredores-dxp:modules:rrgg:rrgg-ddl-api,rrgg-ddl-api,,,,,,,,21/11/2023,15:33:29
cotizadores-rrgg-corredores-dxp:modules:rrgg:rrgg-ddl-service,rrgg-ddl-service,0,104,104,0,,,,21/11/2023,15:33:29
cotizadores-rrgg-corredores-dxp:modules:rrgg:rrgg-emision-car-portlet,rrgg-emision-car-portlet,0,174,174,0,,,,21/11/2023,15:33:29
cotizadores-rrgg-corredores-dxp:modules:rrgg:rrgg-emision-trec-portlet,rrgg-emision-trec-portlet,0,183,183,0,,,,21/11/2023,15:33:29
be-cotizadores-rrgg-corredores-dxp_:modules:rrgg:rrgg-home-portlet,rrgg-home-portlet,31.2,99,63,36.4,26,23,11.5,21/11/2023,15:33:28
cotizadores-rrgg-corredores-dxp:modules:rrgg:rrgg-home-portlet,rrgg-home-portlet,8.1,455,419,7.9,26,23,11.5,21/11/2023,15:33:29
pe.com.pacifico.kuntur:rs-ne-atencion-de-siniestros-siniestro-cliente-autos-gen,rs-ne-atencion-de-siniestros-siniestro-cliente-autos-gen,85.5,391,43,89,50,21,58,21/11/2023,15:33:38
pe.com.pacifico.kuntur:rs-ne-atencion-de-siniestros-siniestro-cliente-hogar-gen,rs-ne-atencion-de-siniestros-siniestro-cliente-hogar-gen,80.5,3200,463,85.5,614,282,54.1,21/11/2023,15:33:38
pe.com.pacifico.kuntur:rs-ne-consulta-siniestros-pga,rs-ne-consulta-siniestros-pga,86.2,128,17,86.7,2,1,50,21/11/2023,15:33:38
pe.com.pacifico.cotizacionamed:rs-ne-cotizacion-calcula-cotizacion-amed-salud,rs-ne-cotizacion-calcula-cotizacion-amed-salud,4.2,2046,1949,4.7,302,301,0.3,21/11/2023,15:33:29
pe.com.pacifico.busquedaproducto:rs-ne-cotizacion-consulta-productos-amed-salud,rs-ne-cotizacion-consulta-productos-amed-salud,24.7,434,324,25.3,24,21,12.5,21/11/2023,15:33:29
pe.com.pacifico.cotizacion.polizas:rs-ne-cotizacion-polizas-tps,rs-ne-cotizacion-polizas-tps,19.5,176,140,20.5,14,13,7.1,21/11/2023,15:33:29
rs-ne-gestion-cobertura-vg,rs-ne-gestion-cobertura-vg,0,322,322,0,,,,21/11/2023,15:33:39
rs-ne-gestion-coberturas-vg,rs-ne-gestion-coberturas-vg,0,323,323,0,,,,21/11/2023,15:33:39
pe.com.pacifico.kuntur:rs-ne-ofertas-poliza-ods-pga,rs-ne-ofertas-poliza-ods-pga,94.3,364,19,94.8,2,2,0,21/11/2023,15:33:38
pe.com.pacifico.kuntur:rs-ne-registra-aviso-siniestro-vida-vda,rs-ne-registra-aviso-siniestro-vida-vda,85.4,2686,284,89.4,489,178,63.6,21/11/2023,15:33:38
pe.com.pacifico.kuntur:rs-ne-seguimiento-siniestros-vida-vda,rs-ne-seguimiento-siniestros-vida-vda,86.5,396,37,90.7,56,24,57.1,21/11/2023,15:33:38
pe.com.pacifico.kuntur:rs-ne-servicio-al-cliente-beneficios-cliente-pga,rs-ne-servicio-al-cliente-beneficios-cliente-pga,95.7,186,7,96.2,2,1,50,21/11/2023,15:33:38
pe.com.pacifico.kuntur:rs-ne-servicio-al-cliente-configura-maestrosseguros-pga,rs-ne-servicio-al-cliente-configura-maestrosseguros-pga,88.7,228,19,91.7,28,10,64.3,21/11/2023,15:33:38
pe.com.pacifico.kuntur:rs-ne-servicio-al-cliente-documentos-cliente-sld,rs-ne-servicio-al-cliente-documentos-cliente-sld,87.6,351,32,90.9,52,18,65.4,21/11/2023,15:33:38
pe.com.pacifico.kuntur:rs-ne-servicio-al-cliente-incidentes-crm-pga,rs-ne-servicio-al-cliente-incidentes-crm-pga,98.6,67,0,100,4,1,75,21/11/2023,15:33:38
pe.com.pacifico.kuntur:rs-ne-venta-asegurado-viap-vda,rs-ne-venta-asegurado-viap-vda,79,882,139,84.2,159,80,49.7,21/11/2023,15:33:38
pe.com.pacifico.kuntur:rs-ne-venta-consulta-configuracion-viap-vda,rs-ne-venta-consulta-configuracion-viap-vda,96.7,644,0,100,94,24,74.5,21/11/2023,15:33:38
pe.com.pacifico.kuntur:rs-ne-venta-contratante-viap-vda,rs-ne-venta-contratante-viap-vda,87.2,635,59,90.7,129,39,69.8,21/11/2023,15:33:38
pe.com.pacifico.kuntur:rs-ne-venta-encola-firmaelectronica-viap-vda,rs-ne-venta-encola-firmaelectronica-viap-vda,74.2,135,18,86.7,82,38,53.7,21/11/2023,15:33:38
pe.com.pacifico.kuntur:rs-ne-venta-familiar-viap-vda,rs-ne-venta-familiar-viap-vda,97.6,273,1,99.6,24,6,75,21/11/2023,15:33:38
pe.com.pacifico.kuntur:rs-ne-venta-registra-configuracion-viap-vda,rs-ne-venta-registra-configuracion-viap-vda,97.6,217,0,100,32,6,81.3,21/11/2023,15:33:38
pe.com.pacifico.kuntur:rs-ne-venta-solicitud-viap-vda,rs-ne-venta-solicitud-viap-vda,84.8,820,92,88.8,87,46,47.1,21/11/2023,15:33:38
pe.com.pacifico.kuntur:rs-ux-backoffice-mep-siniestro-autos-gen,rs-ux-backoffice-mep-siniestro-autos-gen,,,,,,,,21/11/2023,15:33:38
pe.com.pacifico.kuntur:rs-ux-ecomsoat-poliza-soat-gen,rs-ux-ecomsoat-poliza-soat-gen,82.7,105,23,78.1,28,0,100,21/11/2023,15:33:38
pe.com.pacifico.kuntur:rs-ux-ma-wash-gestionsiniestros-hogar,rs-ux-ma-wash-gestionsiniestros-hogar,93.1,135,6,95.6,38,6,84.2,21/11/2023,15:33:38
pe.com.pacifico.kuntur:rs-ux-ma-wash-seguimientosiniestros-hogar,rs-ux-ma-wash-seguimientosiniestros-hogar,62.7,47,16,66,4,3,25,21/11/2023,15:33:38
pe.com.pacifico.kuntur:rs-ux-mep-siniestro-autos-gen,rs-ux-mep-siniestro-autos-gen,100,24,0,100,,,,21/11/2023,15:33:38
pe.com.pacifico.kuntur:rs-ux-mep-siniestro-cliente-pga,rs-ux-mep-siniestro-cliente-pga,86.2,291,28,90.4,64,21,67.2,21/11/2023,15:33:38
pe.com.pacifico.kuntur:rs-ux-wbsp-atencionsiniestro-vida,rs-ux-wbsp-atencionsiniestro-vida,88.9,389,38,90.2,34,9,73.5,21/11/2023,15:33:38
pe.com.pacifico.kuntur:rs-ux-wbsp-gestionasegurado-vida-vda,rs-ux-wbsp-gestionasegurado-vida-vda,100,30,0,100,2,0,100,21/11/2023,15:33:38
sm-portalasesoriadigital-entrenamiento,sm-portalasesoriadigital-entrenamiento,0,1329,1329,0,,,,21/11/2023,15:33:39
sm-serviciosrrll-PostVentaVidaLey,sm-serviciosrrll-PostVentaVidaLey,0,2950,2950,0,,,,21/11/2023,15:33:39
portal-corporativo-dxp-autorepairshop-searcher-portlet:modules:tab-nested-portlet,tab-nested-portlet,0,89,89,0,16,16,0,21/11/2023,15:33:39
org.springframework.boot:task,task,15.1,1114,922,17.2,345,316,8.4,21/11/2023,15:33:29
pe.com.pacifico.kuntur:test-ms-ne-identificacion-biometrica-enrolamiento-persona-pga,test-ms-ne-identificacion-biometrica-enrolamiento-persona-pga,93.2,128,4,96.9,34,7,79.4,21/11/2023,15:33:38
pacificoseguros.com.pe:unicidad,unicidad,4.7,263,246,6.5,100,100,0,21/11/2023,15:33:29