PROJECT KEY,PROJECT NAME,% DUPLIC,LINE DUPLIC,BLOCK DUPLIC,FILE DUPLIC,D. MIGRA BD,H. MIGRA BD
portal-abc-del-seguro-dxp:modules:abc-testimonio-portlet,abc-testimonio-portlet,5.3,84,2,1,21/11/2023,15:33:38
be-portal-somos-corredores-pga-dxp:modules:admin:admin-super-usuario-portlet,admin-super-usuario-portlet,0,0,0,0,21/11/2023,15:33:28
be-portal-somos-corredores-pga-dxp:modules:admin:admin-user-portlet,admin-user-portlet,0.4,152,6,1,21/11/2023,15:33:28
agendaweb-entrenamiento,agendaweb-entrenamiento,5,408,36,13,21/11/2023,15:33:28
area51-frontend,area51-frontend,11.4,954,59,10,21/11/2023,15:33:28
be-ecommerce-autos-corredores-dxp:modules:autos:auto-commons,auto-commons,0,0,0,0,21/11/2023,15:33:28
portal-corporativo-dxp-autorepairshop-searcher-portlet:modules:clinics-autorepairshop-searchers:autorepairshop-searcher-portlet,autorepairshop-searcher-portlet,0,0,0,0,21/11/2023,15:33:38
portal-corporativo-dxp-autorepairshop-searcher-portlet:wars:autorepairshops-admin-portlet,autorepairshops-admin-portlet,3.3,340,12,9,21/11/2023,15:33:39
clientesempresas-frontend,clientesempresas-frontend,13.3,1094,43,14,21/11/2023,15:33:28
portal-corporativo-dxp-autorepairshop-searcher-portlet:wars:clinic-admin-portlet,clinic-admin-portlet,2.9,244,10,4,21/11/2023,15:33:39
portal-corporativo-dxp-autorepairshop-searcher-portlet:modules:corporativo-consuming-service,corporativo-consuming-service,13.8,78,4,1,21/11/2023,15:33:39
portal-corporativo-dxp-autorepairshop-searcher-portlet:modules:corporativo-wave-portlet,corporativo-wave-portlet,2.9,24,2,1,21/11/2023,15:33:39
pe.com.pacifico.dip.delorean.travel.biz:delorean-viajes-biz-services,delorean-viajes-biz-services,1.1,58,4,1,21/11/2023,15:33:29
delorean-viajes-frontend,delorean-viajes-frontend,0.7,125,6,5,21/11/2023,15:33:29
be-ecommerce-autos-corredores-dxp:modules:autos:ecommerce-auto-emission-portlet,ecommerce-auto-emission-portlet,0.1,40,2,1,21/11/2023,15:33:28
be-ecommerce-autos-corredores-dxp:modules:autos:ecommerce-auto-quote-portlet,ecommerce-auto-quote-portlet,0,0,0,0,21/11/2023,15:33:28
ecommercesoat-moduleclients,ecommercesoat-moduleclients,2,268,6,5,21/11/2023,15:33:29
fe-bo-ecomsoat,fe-bo-ecomsoat,0,0,0,0,21/11/2023,15:33:29
fe-boecommerceautos,fe-boecommerceautos,0,0,0,0,21/11/2023,15:33:29
fe-boEcommerceVida,fe-boEcommerceVida,0,0,0,0,21/11/2023,15:33:29
fe-boecommercevida,fe-boecommercevida,0,0,0,0,21/11/2023,15:33:29
fe-ecom-soat-backoffice-temp,fe-ecom-soat-backoffice-temp,3.2,402,71,3,21/11/2023,15:33:29
fe-ecommerce-carretera-digital,fe-ecommerce-carretera-digital,1.2,318,19,5,21/11/2023,15:33:29
fe-ecommerce-multiriesgo-corredores-dxp,fe-ecommerce-multiriesgo-corredores-dxp,0,0,0,0,21/11/2023,15:33:29
fe-ecommerce-multiriesgo-corredores-dxp-javascript,fe-ecommerce-multiriesgo-corredores-dxp-javascript,0,0,0,0,21/11/2023,15:33:29
fe-ecommerceAutos,fe-ecommerceAutos,4.7,1932,73,23,21/11/2023,15:33:29
fe-ecommerceautos,fe-ecommerceautos,4.8,1907,71,22,21/11/2023,15:33:29
fe-ecommercesoat,fe-ecommercesoat,4,589,20,9,21/11/2023,15:33:29
fe-ecommerceVida,fe-ecommerceVida,1.1,454,16,11,21/11/2023,15:33:29
fe-ecommercevida,fe-ecommercevida,1.1,314,10,8,21/11/2023,15:33:29
fe-login-acsel,fe-login-acsel,0,0,0,0,21/11/2023,15:33:29
fe-mep,fe-mep,4.8,5352,144,87,21/11/2023,15:33:29
fe-portalasesoriadigital-adnvida,fe-portalasesoriadigital-adnvida,7.5,3817,196,42,21/11/2023,15:33:29
fe-portalasesoriadigital-agenda,fe-portalasesoriadigital-agenda,17.2,3874,178,30,21/11/2023,15:33:29
FE-PortalDesgravamenDigital-PDD,FE-PortalDesgravamenDigital-PDD,2.8,1535,53,28,21/11/2023,15:33:28
fe-portaldesgravamendigital-pdd,fe-portaldesgravamendigital-pdd,2.6,962,32,17,21/11/2023,15:33:29
fe-prevencion-protege365-empresas-dxp,fe-prevencion-protege365-empresas-dxp,6.4,1308,50,20,21/11/2023,15:33:29
portalempresaprotege365:modules:fe-protege365-empresas-liferay-dxp,fe-protege365-empresas-liferay-dxp,6,196,8,7,21/11/2023,15:33:39
fe-sistemaconciliaciontom,fe-sistemaconciliaciontom,5.6,1791,62,27,21/11/2023,15:33:29
fe-solicituddigitalvida,fe-solicituddigitalvida,10.6,6327,364,27,21/11/2023,15:33:29
fe-web-reporte-danios,fe-web-reporte-danios,0,0,0,0,21/11/2023,15:33:29
FE-WebAtencionSiniestrosHogar,FE-WebAtencionSiniestrosHogar,0,0,0,0,21/11/2023,15:33:28
fe-websponsor,fe-websponsor,7.8,2633,913,12,21/11/2023,15:33:29
FE-WebSponsors,FE-WebSponsors,6.7,2846,919,15,21/11/2023,15:33:28
fn-indicadores-apis-reportes,fn-indicadores-apis-reportes,2.6,64,2,1,21/11/2023,15:33:29
function-mep,function-mep,0,0,0,0,21/11/2023,15:33:29
ibiometrico-frontend,ibiometrico-frontend,2.1,160,6,3,21/11/2023,15:33:29
portal-corporativo-dxp-autorepairshop-searcher-portlet:wars:importation-admin-portlet,importation-admin-portlet,2.2,83,6,6,21/11/2023,15:33:39
kuntur-project-generator-web,kuntur-project-generator-web,0,0,0,0,21/11/2023,15:33:29
org.springframework.boot:mcomercial,mcomercial,61,6800,130,29,21/11/2023,15:33:29
pe.com.pacifico.kuntur:ms-backoffice-mep-entidad-seguridad,ms-backoffice-mep-entidad-seguridad,0.6,27,2,2,21/11/2023,15:33:29
pe.com.pacifico.kuntur:ms-consulta-archivo-adjuntos-abby-pga,ms-consulta-archivo-adjuntos-abby-pga,0,0,0,0,21/11/2023,15:33:30
pe.com.pacifico.kuntur:ms-consulta-cobro-pagoefectivo-trin-trec-car,ms-consulta-cobro-pagoefectivo-trin-trec-car,0,0,0,0,21/11/2023,15:33:30
pe.com.pacifico.kuntur:ms-descarga-archivo-dip-pga,ms-descarga-archivo-dip-pga,0,0,0,0,21/11/2023,15:33:30
pe.com.pacifico.kuntur:ms-envia-archivo-adjunto-abby-pga,ms-envia-archivo-adjunto-abby-pga,0,0,0,0,21/11/2023,15:33:30
pe.com.pacifico.kuntur:ms-ne-actualizacion-links-pdf,ms-ne-actualizacion-links-pdf,0,0,0,0,21/11/2023,15:33:30
pe.com.pacifico.kuntur:ms-ne-actualizaestadosolicitud-onbase,ms-ne-actualizaestadosolicitud-onbase,0,0,0,0,21/11/2023,15:33:30
pe.com.pacifico.kuntur:ms-ne-anulacion-poliza-salud,ms-ne-anulacion-poliza-salud,0,0,0,0,21/11/2023,15:33:30
pe.com.pacifico.kuntur:ms-ne-aprobarsiniestros,ms-ne-aprobarsiniestros,0,0,0,0,21/11/2023,15:33:30
pe.com.pacifico.kuntur:ms-ne-asignacion-vantive,ms-ne-asignacion-vantive,0,0,0,0,21/11/2023,15:33:30
pe.com.pacifico.kuntur:ms-ne-atencion-de-siniestro-actualiza-siniestro-out-auto-gen,ms-ne-atencion-de-siniestro-actualiza-siniestro-out-auto-gen,0,0,0,0,21/11/2023,15:33:30
pe.com.pacifico.kuntur:ms-ne-atencion-de-siniestros-seguimiento-siniestro-autos-gen,ms-ne-atencion-de-siniestros-seguimiento-siniestro-autos-gen,0,0,0,0,21/11/2023,15:33:30
pe.com.pacifico.kuntur:ms-ne-autenticacion-consulta-datos-contacto-contratante-pga,ms-ne-autenticacion-consulta-datos-contacto-contratante-pga,0,0,0,0,21/11/2023,15:33:30
pe.com.pacifico.kuntur:ms-ne-autenticacion-valida-alta-contratante-pga,ms-ne-autenticacion-valida-alta-contratante-pga,0,0,0,0,21/11/2023,15:33:30
pe.com.pacifico.kuntur:ms-ne-auto-ppk-asis-gen-producer,ms-ne-auto-ppk-asis-gen-producer,0,0,0,0,21/11/2023,15:33:30
pe.com.pacifico.kuntur:ms-ne-cambiomediopagopolizacobranzas,ms-ne-cambiomediopagopolizacobranzas,0,0,0,0,21/11/2023,15:33:30
pe.com.pacifico.kuntur:ms-ne-cancelapolizacobranzas,ms-ne-cancelapolizacobranzas,0,0,0,0,21/11/2023,15:33:30
pe.com.pacifico.kuntur:ms-ne-caso-siniestro-autos,ms-ne-caso-siniestro-autos,0,0,0,0,21/11/2023,15:33:30
pe.com.pacifico.kuntur:ms-ne-cobranza-anula-afiliaciones-polizas-vda,ms-ne-cobranza-anula-afiliaciones-polizas-vda,0,0,0,0,21/11/2023,15:33:30
pe.com.pacifico.kuntur:ms-ne-cobranza-anula-documento-polizas-vda,ms-ne-cobranza-anula-documento-polizas-vda,0,0,0,0,21/11/2023,15:33:30
pe.com.pacifico.kuntur:ms-ne-cobranza-registra-acreencia-polizas-vda,ms-ne-cobranza-registra-acreencia-polizas-vda,0,0,0,0,21/11/2023,15:33:30
pe.com.pacifico.kuntur:ms-ne-cobranza-registra-afiliaciones-polizas-vda,ms-ne-cobranza-registra-afiliaciones-polizas-vda,0,0,0,0,21/11/2023,15:33:30
pe.com.pacifico.kuntur:ms-ne-cobranza-registra-obligaciones-polizas-vda,ms-ne-cobranza-registra-obligaciones-polizas-vda,0,0,0,0,21/11/2023,15:33:30
pe.com.pacifico.kuntur:ms-ne-cobranza-registra-polizas-vda,ms-ne-cobranza-registra-polizas-vda,0,0,0,0,21/11/2023,15:33:30
pe.com.pacifico.kuntur:ms-ne-cobranzas-consulta-pagos-poliza-salud,ms-ne-cobranzas-consulta-pagos-poliza-salud,0,0,0,0,21/11/2023,15:33:30
pe.com.pacifico.kuntur:ms-ne-cobranzas-consulta-pagospoliza-pga,ms-ne-cobranzas-consulta-pagospoliza-pga,0,0,0,0,21/11/2023,15:33:30
pe.com.pacifico.kuntur:ms-ne-cobranzas-tps,ms-ne-cobranzas-tps,0,0,0,0,21/11/2023,15:33:30
pe.com.pacifico.kuntur:ms-ne-consulta-clasificacion-contratante-pga,ms-ne-consulta-clasificacion-contratante-pga,0,0,0,0,21/11/2023,15:33:30
pe.com.pacifico.kuntur:ms-ne-consulta-clasificacion-curso,ms-ne-consulta-clasificacion-curso,0,0,0,0,21/11/2023,15:33:30
pe.com.pacifico.kuntur:ms-ne-consulta-cobertura-poliza-gen,ms-ne-consulta-cobertura-poliza-gen,0,0,0,0,21/11/2023,15:33:30
pe.com.pacifico.kuntur:ms-ne-consulta-datos-agente-pga,ms-ne-consulta-datos-agente-pga,0,0,0,0,21/11/2023,15:33:30
pe.com.pacifico.kuntur:ms-ne-consulta-detalle-asegurado-poliza-pga,ms-ne-consulta-detalle-asegurado-poliza-pga,0,0,0,0,21/11/2023,15:33:30
pe.com.pacifico.kuntur:ms-ne-consulta-detalle-poliza-pga,ms-ne-consulta-detalle-poliza-pga,0,0,0,0,21/11/2023,15:33:30
pe.com.pacifico.kuntur:ms-ne-consulta-endosatario-poliza-gen,ms-ne-consulta-endosatario-poliza-gen,0,0,0,0,21/11/2023,15:33:30
pe.com.pacifico.kuntur:ms-ne-consulta-equipo-contratante-pga,ms-ne-consulta-equipo-contratante-pga,0,0,0,0,21/11/2023,15:33:30
pe.com.pacifico.kuntur:ms-ne-consulta-estado-archivo-pga,ms-ne-consulta-estado-archivo-pga,0,0,0,0,21/11/2023,15:33:30
pe.com.pacifico.kuntur:ms-ne-consulta-listado-poliza-pga,ms-ne-consulta-listado-poliza-pga,0,0,0,0,21/11/2023,15:33:30
pe.com.pacifico.kuntur:ms-ne-consulta-listado-siniestro-pga,ms-ne-consulta-listado-siniestro-pga,0,0,0,0,21/11/2023,15:33:30
pe.com.pacifico.kuntur:ms-ne-consulta-mercaderia-poliza-gen,ms-ne-consulta-mercaderia-poliza-gen,0,0,0,0,21/11/2023,15:33:30
pe.com.pacifico.kuntur:ms-ne-consulta-nave-poliza-gen,ms-ne-consulta-nave-poliza-gen,0,0,0,0,21/11/2023,15:33:30
pe.com.pacifico.kuntur:ms-ne-consulta-paises-poliza-gen,ms-ne-consulta-paises-poliza-gen,0,0,0,0,21/11/2023,15:33:30
pe.com.pacifico.kuntur:ms-ne-consulta-parametros-siniestros-pga,ms-ne-consulta-parametros-siniestros-pga,0,0,0,0,21/11/2023,15:33:30
pe.com.pacifico.kuntur:ms-ne-consulta-plan-poliza-gen,ms-ne-consulta-plan-poliza-gen,0,0,0,0,21/11/2023,15:33:30
pe.com.pacifico.kuntur:ms-ne-consulta-poliza-gen,ms-ne-consulta-poliza-gen,0,0,0,0,21/11/2023,15:33:30
pe.com.pacifico.kuntur:ms-ne-consultaestadosibonbase,ms-ne-consultaestadosibonbase,0,0,0,0,21/11/2023,15:33:30
ms-ne-consumer-generar-link-dana-pga,ms-ne-consumer-generar-link-dana-pga,0,0,0,0,21/11/2023,15:33:29
pe.com.pacifico.kuntur:ms-ne-consumer-generar-link-dana-pga,ms-ne-consumer-generar-link-dana-pga,0,0,0,0,21/11/2023,15:33:30
pe.com.pacifico.kuntur:ms-ne-consumidor-confirmadocumentodana-gen,ms-ne-consumidor-confirmadocumentodana-gen,0,0,0,0,21/11/2023,15:33:30
pe.com.pacifico.kuntur:ms-ne-cotizacion-calcula-cotizaciones-vida-ley-empleados-vda,ms-ne-cotizacion-calcula-cotizaciones-vida-ley-empleados-vda,0,0,0,0,21/11/2023,15:33:30
pe.com.pacifico.kuntur:ms-ne-cotizacion-calcula-prima-proyeccion-viap-vda,ms-ne-cotizacion-calcula-prima-proyeccion-viap-vda,0,0,0,0,21/11/2023,15:33:30
pe.com.pacifico.kuntur:ms-ne-cotizacion-configuracion-viap-vda,ms-ne-cotizacion-configuracion-viap-vda,0,0,0,0,21/11/2023,15:33:30
pe.com.pacifico.kuntur:ms-ne-cotizacion-consulta-cotizaciones-vida-ley-empleados-vda,ms-ne-cotizacion-consulta-cotizaciones-vida-ley-empleados-vda,0,0,0,0,21/11/2023,15:33:30
pe.com.pacifico.kuntur:ms-ne-cotizacion-consulta-producto-viap-vda,ms-ne-cotizacion-consulta-producto-viap-vda,0,0,0,0,21/11/2023,15:33:31
pe.com.pacifico.kuntur:ms-ne-cotizacion-consulta-productosventa-vda,ms-ne-cotizacion-consulta-productosventa-vda,0,0,0,0,21/11/2023,15:33:31
pe.com.pacifico.kuntur:ms-ne-cotizacion-cotizacion-viap-vda,ms-ne-cotizacion-cotizacion-viap-vda,0,0,0,0,21/11/2023,15:33:31
pe.com.pacifico.kuntur:ms-ne-cotizacion-cotizaciones-trin-pga,ms-ne-cotizacion-cotizaciones-trin-pga,0,0,0,0,21/11/2023,15:33:31
pe.com.pacifico.kuntur:ms-ne-cotizacion-envio-calculo-radar-autos-gen,ms-ne-cotizacion-envio-calculo-radar-autos-gen,0,0,0,0,21/11/2023,15:33:31
pe.com.pacifico.kuntur:ms-ne-cotizacion-envio-calculo-radar-trin-gen,ms-ne-cotizacion-envio-calculo-radar-trin-gen,0,0,0,0,21/11/2023,15:33:31
pe.com.pacifico.kuntur:ms-ne-cotizacion-evalua-modelo-radar-autos-gen,ms-ne-cotizacion-evalua-modelo-radar-autos-gen,0,0,0,0,21/11/2023,15:33:31
pe.com.pacifico.kuntur:ms-ne-cotizacion-inversion-vida-inv-vda,ms-ne-cotizacion-inversion-vida-inv-vda,0,0,0,0,21/11/2023,15:33:31
pe.com.pacifico.kuntur:ms-ne-cotizacion-mensajeria-envia-poliza-pga,ms-ne-cotizacion-mensajeria-envia-poliza-pga,0,0,0,0,21/11/2023,15:33:31
pe.com.pacifico.kuntur:ms-ne-cotizacion-mensajeria-recibe-poliza-pga,ms-ne-cotizacion-mensajeria-recibe-poliza-pga,10.6,298,6,2,21/11/2023,15:33:31
pe.com.pacifico.kuntur:ms-ne-cotizacion-mensajeria-reintenta-poliza-pga,ms-ne-cotizacion-mensajeria-reintenta-poliza-pga,0,0,0,0,21/11/2023,15:33:31
pe.com.pacifico.kuntur:ms-ne-cotizacion-notificacion-viap-vda,ms-ne-cotizacion-notificacion-viap-vda,0,0,0,0,21/11/2023,15:33:31
pe.com.pacifico.kuntur:ms-ne-cotizacion-operaciones-cotizador-vida-inv-vda,ms-ne-cotizacion-operaciones-cotizador-vida-inv-vda,0,0,0,0,21/11/2023,15:33:31
pe.com.pacifico.kuntur:ms-ne-cotizacion-perfil-inversion-viap-vda,ms-ne-cotizacion-perfil-inversion-viap-vda,0,0,0,0,21/11/2023,15:33:31
pe.com.pacifico.kuntur:ms-ne-cotizacion-perfil-vida-inv-vda,ms-ne-cotizacion-perfil-vida-inv-vda,0,0,0,0,21/11/2023,15:33:31
pe.com.pacifico.kuntur:ms-ne-cotizacion-plan-pago-autos-gen,ms-ne-cotizacion-plan-pago-autos-gen,0,0,0,0,21/11/2023,15:33:31
pe.com.pacifico.kuntur:ms-ne-cotizacion-poliza-soat-pga,ms-ne-cotizacion-poliza-soat-pga,1.5,97,4,2,21/11/2023,15:33:31
pe.com.pacifico.kuntur:ms-ne-cotizacion-poliza-tps-pga,ms-ne-cotizacion-poliza-tps-pga,0,0,0,0,21/11/2023,15:33:31
pe.com.pacifico.kuntur:ms-ne-cotizacion-recibe-cotizacion-viap-vda,ms-ne-cotizacion-recibe-cotizacion-viap-vda,0.8,28,2,2,21/11/2023,15:33:31
pe.com.pacifico.kuntur:ms-ne-cotizacion-registra-cotizaciones-vida-ley-empleados-vda,ms-ne-cotizacion-registra-cotizaciones-vida-ley-empleados-vda,0,0,0,0,21/11/2023,15:33:31
pe.com.pacifico.kuntur:ms-ne-cotizacion-solicitud-cotizacion-autos-gen,ms-ne-cotizacion-solicitud-cotizacion-autos-gen,3.2,207,25,13,21/11/2023,15:33:31
pe.com.pacifico.kuntur:ms-ne-cotizacion-solicitud-cotizacion-vida-vda,ms-ne-cotizacion-solicitud-cotizacion-vida-vda,0,0,0,0,21/11/2023,15:33:31
pe.com.pacifico.kuntur:ms-ne-cotizacion-solicitud-vida-vda,ms-ne-cotizacion-solicitud-vida-vda,0,0,0,0,21/11/2023,15:33:31
pe.com.pacifico.kuntur:ms-ne-cotizacion-tarifica-mcomercial-radar-autos-gen,ms-ne-cotizacion-tarifica-mcomercial-radar-autos-gen,0,0,0,0,21/11/2023,15:33:31
pe.com.pacifico.kuntur:ms-ne-cotizacion-tarifica-mtecnico-radar-autos-gen,ms-ne-cotizacion-tarifica-mtecnico-radar-autos-gen,0,0,0,0,21/11/2023,15:33:31
pe.com.pacifico.kuntur:ms-ne-cotizacion-tarifica-precalculados-radar-autos-gen,ms-ne-cotizacion-tarifica-precalculados-radar-autos-gen,0,0,0,0,21/11/2023,15:33:31
pe.com.pacifico.kuntur:ms-ne-cotizacion-valida-cotizacion-viap-vda,ms-ne-cotizacion-valida-cotizacion-viap-vda,0,0,0,0,21/11/2023,15:33:31
pe.com.pacifico.kuntur:ms-ne-cotizacion-valida-problema-cliente-vda,ms-ne-cotizacion-valida-problema-cliente-vda,0,0,0,0,21/11/2023,15:33:31
pe.com.pacifico.kuntur:ms-ne-cotizacionmodelowtp,ms-ne-cotizacionmodelowtp,0,0,0,0,21/11/2023,15:33:31
pe.com.pacifico.kuntur:ms-ne-cotizacionpolizaautos,ms-ne-cotizacionpolizaautos,0,0,0,0,21/11/2023,15:33:31
pe.com.pacifico.kuntur:ms-ne-curso-colaborador,ms-ne-curso-colaborador,0,0,0,0,21/11/2023,15:33:31
pe.com.pacifico.kuntur:ms-ne-desgravamen-envia-comunicacion-desgravamen-digital-vda,ms-ne-desgravamen-envia-comunicacion-desgravamen-digital-vda,0,0,0,0,21/11/2023,15:33:31
pe.com.pacifico.kuntur:ms-ne-desgravamen-envia-comunicacion-masivo-digital-vda,ms-ne-desgravamen-envia-comunicacion-masivo-digital-vda,0,0,0,0,21/11/2023,15:33:31
pe.com.pacifico.kuntur:ms-ne-desgravamen-firma-electronica-desgravamen-digital-vda,ms-ne-desgravamen-firma-electronica-desgravamen-digital-vda,0,0,0,0,21/11/2023,15:33:31
pe.com.pacifico.kuntur:ms-ne-desgravamen-genera-documento-desgravamen-digital-vda,ms-ne-desgravamen-genera-documento-desgravamen-digital-vda,1.3,146,10,6,21/11/2023,15:33:31
pe.com.pacifico.kuntur:ms-ne-desgravamen-listasolicitud-desgravamen-digital-vda,ms-ne-desgravamen-listasolicitud-desgravamen-digital-vda,0,0,0,0,21/11/2023,15:33:31
pe.com.pacifico.kuntur:ms-ne-ejecuta-cobro-recurrente-pga,ms-ne-ejecuta-cobro-recurrente-pga,0,0,0,0,21/11/2023,15:33:31
pe.com.pacifico.kuntur:ms-ne-emision-emisiones-trin-gen,ms-ne-emision-emisiones-trin-gen,0,0,0,0,21/11/2023,15:33:31
pe.com.pacifico.kuntur:ms-ne-emision-genera-poliza-car-gen,ms-ne-emision-genera-poliza-car-gen,0,0,0,0,21/11/2023,15:33:31
pe.com.pacifico.kuntur:ms-ne-emision-inicia-emisiones-vida-ley-empleados-vda,ms-ne-emision-inicia-emisiones-vida-ley-empleados-vda,0,0,0,0,21/11/2023,15:33:31
pe.com.pacifico.kuntur:ms-ne-emision-masiva-polizas-tps,ms-ne-emision-masiva-polizas-tps,0,0,0,0,21/11/2023,15:33:31
pe.com.pacifico.kuntur:ms-ne-emision-mensajeria-envia-poliza-pga,ms-ne-emision-mensajeria-envia-poliza-pga,6.2,245,6,2,21/11/2023,15:33:31
pe.com.pacifico.kuntur:ms-ne-emision-mensajeria-recibe-poliza-pga,ms-ne-emision-mensajeria-recibe-poliza-pga,0,0,0,0,21/11/2023,15:33:31
pe.com.pacifico.kuntur:ms-ne-emision-mensajeria-reintenta-poliza-pga,ms-ne-emision-mensajeria-reintenta-poliza-pga,0,0,0,0,21/11/2023,15:33:31
pe.com.pacifico.kuntur:ms-ne-emision-poliza-tps-pga,ms-ne-emision-poliza-tps-pga,0,0,0,0,21/11/2023,15:33:31
pe.com.pacifico.kuntur:ms-ne-emision-procesa-solicitud-rentas-vda,ms-ne-emision-procesa-solicitud-rentas-vda,1.4,20,2,2,21/11/2023,15:33:31
pe.com.pacifico.kuntur:ms-ne-emision-registra-emisiones-vida-ley-empleados-vda,ms-ne-emision-registra-emisiones-vida-ley-empleados-vda,0,0,0,0,21/11/2023,15:33:31
pe.com.pacifico.kuntur:ms-ne-emision-solicitud-emision-vida-vda,ms-ne-emision-solicitud-emision-vida-vda,0,0,0,0,21/11/2023,15:33:31
pe.com.pacifico.kuntur:ms-ne-emisionpolizasviajesassistcard,ms-ne-emisionpolizasviajesassistcard,0,0,0,0,21/11/2023,15:33:31
pe.com.pacifico.kuntur:ms-ne-encola-cuota-cobro-recurrente-pga,ms-ne-encola-cuota-cobro-recurrente-pga,0,0,0,0,21/11/2023,15:33:31
pe.com.pacifico.kuntur:ms-ne-endoso-calcula-cotizacion-vida-ley-empleados-vda,ms-ne-endoso-calcula-cotizacion-vida-ley-empleados-vda,0,0,0,0,21/11/2023,15:33:32
pe.com.pacifico.kuntur:ms-ne-endoso-registra-endoso-inclusion-vida-ley-empleados-vda,ms-ne-endoso-registra-endoso-inclusion-vida-ley-empleados-vda,0,0,0,0,21/11/2023,15:33:32
pe.com.pacifico.kuntur:ms-ne-envio-comunicacion-siniestros-vida-vda,ms-ne-envio-comunicacion-siniestros-vida-vda,0,0,0,0,21/11/2023,15:33:32
pe.com.pacifico.kuntur:ms-ne-enviodana-desencolar,ms-ne-enviodana-desencolar,0,0,0,0,21/11/2023,15:33:32
pe.com.pacifico.kuntur:ms-ne-enviodana-encolar,ms-ne-enviodana-encolar,0,0,0,0,21/11/2023,15:33:32
pe.com.pacifico.kuntur:ms-ne-enviotareasiniestroonbase,ms-ne-enviotareasiniestroonbase,1,22,2,1,21/11/2023,15:33:32
pe.com.pacifico.kuntur:ms-ne-evaluacion-colaborador,ms-ne-evaluacion-colaborador,0,0,0,0,21/11/2023,15:33:32
pe.com.pacifico.kuntur:ms-ne-evaluacion-de-riesgos-consulta-contratante-pga,ms-ne-evaluacion-de-riesgos-consulta-contratante-pga,0,0,0,0,21/11/2023,15:33:32
pe.com.pacifico.kuntur:ms-ne-evaluacion-de-riesgos-consulta-productos-pga,ms-ne-evaluacion-de-riesgos-consulta-productos-pga,0,0,0,0,21/11/2023,15:33:32
pe.com.pacifico.kuntur:ms-ne-expedienteaudatex,ms-ne-expedienteaudatex,0,0,0,0,21/11/2023,15:33:32
pe.com.pacifico.kuntur:ms-ne-genera-cotizacion-patrimonial-gen,ms-ne-genera-cotizacion-patrimonial-gen,0,0,0,0,21/11/2023,15:33:32
pe.com.pacifico.kuntur:ms-ne-genera-reportes-desgravamen-vda,ms-ne-genera-reportes-desgravamen-vda,0,0,0,0,21/11/2023,15:33:32
pe.com.pacifico.kuntur:ms-ne-generadiponbasesiniestro,ms-ne-generadiponbasesiniestro,0,0,0,0,21/11/2023,15:33:32
pe.com.pacifico.kuntur:ms-ne-generadiponbasetalleres,ms-ne-generadiponbasetalleres,0,0,0,0,21/11/2023,15:33:32
pe.com.pacifico.kuntur:ms-ne-gestion-acceso-rol,ms-ne-gestion-acceso-rol,0,0,0,0,21/11/2023,15:33:32
pe.com.pacifico.kuntur:ms-ne-gestion-api-rol,ms-ne-gestion-api-rol,0,0,0,0,21/11/2023,15:33:32
pe.com.pacifico.kuntur:ms-ne-gestion-asesor-vida,ms-ne-gestion-asesor-vida,0,0,0,0,21/11/2023,15:33:32
pe.com.pacifico.kuntur:ms-ne-gestion-canal-vida,ms-ne-gestion-canal-vida,0,0,0,0,21/11/2023,15:33:32
pe.com.pacifico.kuntur:ms-ne-gestion-cartera-rentas,ms-ne-gestion-cartera-rentas,0,0,0,0,21/11/2023,15:33:32
pe.com.pacifico.kuntur:ms-ne-gestion-comisiones-pga,ms-ne-gestion-comisiones-pga,0,0,0,0,21/11/2023,15:33:32
pe.com.pacifico.kuntur:ms-ne-gestion-cotizacion-rrgg,ms-ne-gestion-cotizacion-rrgg,0,0,0,0,21/11/2023,15:33:32
pe.com.pacifico.kuntur:ms-ne-gestion-cotizaciones-autoefectivo,ms-ne-gestion-cotizaciones-autoefectivo,0.5,30,2,1,21/11/2023,15:33:32
pe.com.pacifico.kuntur:ms-ne-gestion-cuentas-financieras,ms-ne-gestion-cuentas-financieras,0,0,0,0,21/11/2023,15:33:32
pe.com.pacifico.kuntur:ms-ne-gestion-curso,ms-ne-gestion-curso,0,0,0,0,21/11/2023,15:33:32
pe.com.pacifico.kuntur:ms-ne-gestion-de-pago-gestiona-lineacredito-poliza-soat,ms-ne-gestion-de-pago-gestiona-lineacredito-poliza-soat,0,0,0,0,21/11/2023,15:33:32
pe.com.pacifico.kuntur:ms-ne-gestion-documentos-rrgg,ms-ne-gestion-documentos-rrgg,0,0,0,0,21/11/2023,15:33:32
pe.com.pacifico.kuntur:ms-ne-gestion-emision-ax,ms-ne-gestion-emision-ax,0.5,56,4,4,21/11/2023,15:33:32
pe.com.pacifico.kuntur:ms-ne-gestion-emision-rrgg,ms-ne-gestion-emision-rrgg,0.4,28,2,1,21/11/2023,15:33:32
pe.com.pacifico.kuntur:ms-ne-gestion-evaluacion,ms-ne-gestion-evaluacion,0,0,0,0,21/11/2023,15:33:32
pe.com.pacifico.kuntur:ms-ne-gestion-log-soat,ms-ne-gestion-log-soat,0,0,0,0,21/11/2023,15:33:32
pe.com.pacifico.kuntur:ms-ne-gestion-marca-vehiculo,ms-ne-gestion-marca-vehiculo,0,0,0,0,21/11/2023,15:33:32
pe.com.pacifico.kuntur:ms-ne-gestion-modelo-vehiculo,ms-ne-gestion-modelo-vehiculo,0,0,0,0,21/11/2023,15:33:32
pe.com.pacifico.kuntur:ms-ne-gestion-notificacion-pagos-cliente,ms-ne-gestion-notificacion-pagos-cliente,0,0,0,0,21/11/2023,15:33:32
pe.com.pacifico.kuntur:ms-ne-gestion-parametros-rrgg,ms-ne-gestion-parametros-rrgg,0,0,0,0,21/11/2023,15:33:32
pe.com.pacifico.kuntur:ms-ne-gestion-persona,ms-ne-gestion-persona,0,0,0,0,21/11/2023,15:33:32
pe.com.pacifico.kuntur:ms-ne-gestion-poliza-amed-salud,ms-ne-gestion-poliza-amed-salud,0,0,0,0,21/11/2023,15:33:32
pe.com.pacifico.kuntur:ms-ne-gestion-poliza-autos,ms-ne-gestion-poliza-autos,0,0,0,0,21/11/2023,15:33:32
pe.com.pacifico.kuntur:ms-ne-gestion-producto-autoefectivo,ms-ne-gestion-producto-autoefectivo,0,0,0,0,21/11/2023,15:33:32
pe.com.pacifico.kuntur:ms-ne-gestion-promocion-autos,ms-ne-gestion-promocion-autos,1.8,172,12,12,21/11/2023,15:33:32
pe.com.pacifico.kuntur:ms-ne-gestion-promocion-vida,ms-ne-gestion-promocion-vida,0,0,0,0,21/11/2023,15:33:32
pe.com.pacifico.kuntur:ms-ne-gestion-recompra-soat,ms-ne-gestion-recompra-soat,2.2,99,6,3,21/11/2023,15:33:32
pe.com.pacifico.kuntur:ms-ne-gestion-servicios-producto,ms-ne-gestion-servicios-producto,0,0,0,0,21/11/2023,15:33:32
pe.com.pacifico.kuntur:ms-ne-gestion-sesion-autos,ms-ne-gestion-sesion-autos,3.2,549,60,20,21/11/2023,15:33:32
pe.com.pacifico.kuntur:ms-ne-gestion-vehiculo,ms-ne-gestion-vehiculo,0,0,0,0,21/11/2023,15:33:32
pe.com.pacifico.kuntur:ms-ne-gestiona-siniestro-seguros-generales,ms-ne-gestiona-siniestro-seguros-generales,0,0,0,0,21/11/2023,15:33:32
pe.com.pacifico.kuntur:ms-ne-gestiona-solicitud-endoso-rentas,ms-ne-gestiona-solicitud-endoso-rentas,0,0,0,0,21/11/2023,15:33:32
pe.com.pacifico.kuntur:ms-ne-gestionarchivoadjuntorentas,ms-ne-gestionarchivoadjuntorentas,0,0,0,0,21/11/2023,15:33:32
pe.com.pacifico.kuntur:ms-ne-gestionarpagosib,ms-ne-gestionarpagosib,1.3,26,2,2,21/11/2023,15:33:32
pe.com.pacifico.kuntur:ms-ne-gestionaseguradorentas,ms-ne-gestionaseguradorentas,0,0,0,0,21/11/2023,15:33:32
pe.com.pacifico.kuntur:ms-ne-gestioncliente,ms-ne-gestioncliente,0,0,0,0,21/11/2023,15:33:32
pe.com.pacifico.kuntur:ms-ne-gestionclientecobranza-consumer-pga,ms-ne-gestionclientecobranza-consumer-pga,3.3,146,15,6,21/11/2023,15:33:33
pe.com.pacifico.kuntur:ms-ne-gestionclientecobranza-producer-pga,ms-ne-gestionclientecobranza-producer-pga,0,0,0,0,21/11/2023,15:33:33
pe.com.pacifico.kuntur:ms-ne-gestionclientecobranza-retry-pga,ms-ne-gestionclientecobranza-retry-pga,0,0,0,0,21/11/2023,15:33:33
pe.com.pacifico.kuntur:ms-ne-gestioncontratanterentas,ms-ne-gestioncontratanterentas,0,0,0,0,21/11/2023,15:33:33
pe.com.pacifico.kuntur:ms-ne-gestiondescuentoamedsalud,ms-ne-gestiondescuentoamedsalud,0,0,0,0,21/11/2023,15:33:33
pe.com.pacifico.kuntur:ms-ne-gestiondocumentosiniestros-onbase,ms-ne-gestiondocumentosiniestros-onbase,0,0,0,0,21/11/2023,15:33:33
pe.com.pacifico.kuntur:ms-ne-gestionmetodopagorentas,ms-ne-gestionmetodopagorentas,0,0,0,0,21/11/2023,15:33:33
pe.com.pacifico.kuntur:ms-ne-gestionoportunidadvida,ms-ne-gestionoportunidadvida,1.1,54,2,1,21/11/2023,15:33:33
pe.com.pacifico.kuntur:ms-ne-gestionsiniestros-hogar,ms-ne-gestionsiniestros-hogar,0,0,0,0,21/11/2023,15:33:33
pe.com.pacifico.kuntur:ms-ne-guardar-certificado-poliza-gen,ms-ne-guardar-certificado-poliza-gen,0,0,0,0,21/11/2023,15:33:33
pe.com.pacifico.kuntur:ms-ne-identificacion-biometrica-enrolamiento-persona-pga,ms-ne-identificacion-biometrica-enrolamiento-persona-pga,0,0,0,0,21/11/2023,15:33:33
pe.com.pacifico.kuntur:ms-ne-identificacion-biometrica-evaluacion-facial-pga,ms-ne-identificacion-biometrica-evaluacion-facial-pga,0,0,0,0,21/11/2023,15:33:33
pe.com.pacifico.kuntur:ms-ne-identificacion-biometrica-opera-token-pga,ms-ne-identificacion-biometrica-opera-token-pga,0,0,0,0,21/11/2023,15:33:33
pe.com.pacifico.kuntur:ms-ne-identificacion-biometrica-valida-informacion-persona-pga,ms-ne-identificacion-biometrica-valida-informacion-persona-pga,0,0,0,0,21/11/2023,15:33:33
pe.com.pacifico.kuntur:ms-ne-identificacion-biometrica-valida-resultado-biometrico-pga,ms-ne-identificacion-biometrica-valida-resultado-biometrico-pga,0,0,0,0,21/11/2023,15:33:33
pe.com.pacifico.kuntur:ms-ne-informacion-prepago-desgravamen,ms-ne-informacion-prepago-desgravamen,0,0,0,0,21/11/2023,15:33:33
pe.com.pacifico.kuntur:ms-ne-iniciarpagoenlinea,ms-ne-iniciarpagoenlinea,0,0,0,0,21/11/2023,15:33:33
pe.com.pacifico.kuntur:ms-ne-inspeccion-vehicular,ms-ne-inspeccion-vehicular,0,0,0,0,21/11/2023,15:33:33
pe.com.pacifico.kuntur:ms-ne-listener-envia-lote-mensaje-pga-abby,ms-ne-listener-envia-lote-mensaje-pga-abby,0,0,0,0,21/11/2023,15:33:33
pe.com.pacifico.kuntur:ms-ne-listener-recibe-mensaje-siniestro-abby-vda,ms-ne-listener-recibe-mensaje-siniestro-abby-vda,0,0,0,0,21/11/2023,15:33:33
pe.com.pacifico.kuntur:ms-ne-listener-recibe-rpta-mensaje-abby,ms-ne-listener-recibe-rpta-mensaje-abby,0,0,0,0,21/11/2023,15:33:33
pe.com.pacifico.kuntur:ms-ne-ma-gestionprospectoleads,ms-ne-ma-gestionprospectoleads,0,0,0,0,21/11/2023,15:33:33
pe.com.pacifico.kuntur:ms-ne-ma-wbspoffs-gestionaseguradocoberturas,ms-ne-ma-wbspoffs-gestionaseguradocoberturas,0,0,0,0,21/11/2023,15:33:33
pe.com.pacifico.kuntur:ms-ne-ma-wbspoffs-gestionaseguradovidaindividual,ms-ne-ma-wbspoffs-gestionaseguradovidaindividual,2.3,72,3,1,21/11/2023,15:33:33
pe.com.pacifico.kuntur:ms-ne-mensajeria-envia-solicitud-cotizacion-autos,ms-ne-mensajeria-envia-solicitud-cotizacion-autos,12.9,726,14,3,21/11/2023,15:33:33
pe.com.pacifico.kuntur:ms-ne-notificacion-emision-rentas-vda,ms-ne-notificacion-emision-rentas-vda,1.2,28,2,1,21/11/2023,15:33:33
pe.com.pacifico.kuntur:ms-ne-notificacion-solicitud-rentas-vda,ms-ne-notificacion-solicitud-rentas-vda,0,0,0,0,21/11/2023,15:33:33
pe.com.pacifico.kuntur:ms-ne-notificaciones-tps,ms-ne-notificaciones-tps,0,0,0,0,21/11/2023,15:33:33
pe.com.pacifico.kuntur:ms-ne-obtencion-cuota-cobro-recurrente-pga,ms-ne-obtencion-cuota-cobro-recurrente-pga,0,0,0,0,21/11/2023,15:33:33
pe.com.pacifico.kuntur:ms-ne-obtener-coberturas-patrimonial-gen,ms-ne-obtener-coberturas-patrimonial-gen,0,0,0,0,21/11/2023,15:33:33
pe.com.pacifico.kuntur:ms-ne-obtener-datos-obra-gen,ms-ne-obtener-datos-obra-gen,0,0,0,0,21/11/2023,15:33:33
pe.com.pacifico.kuntur:ms-ne-obtiene-datos-xml-pga,ms-ne-obtiene-datos-xml-pga,0,0,0,0,21/11/2023,15:33:33
pe.com.pacifico.kuntur:ms-ne-obtiene-servicios-producto-segmento,ms-ne-obtiene-servicios-producto-segmento,0,0,0,0,21/11/2023,15:33:33
pe.com.pacifico.kuntur:ms-ne-op-cobranza-anula-afiliaciones-polizas-vda,ms-ne-op-cobranza-anula-afiliaciones-polizas-vda,0,0,0,0,21/11/2023,15:33:33
pe.com.pacifico.kuntur:ms-ne-op-cobranza-anula-documento-polizas-vda,ms-ne-op-cobranza-anula-documento-polizas-vda,0,0,0,0,21/11/2023,15:33:33
pe.com.pacifico.kuntur:ms-ne-op-cobranza-registra-acreencia-polizas-vda,ms-ne-op-cobranza-registra-acreencia-polizas-vda,0,0,0,0,21/11/2023,15:33:33
pe.com.pacifico.kuntur:ms-ne-op-cobranza-registra-afiliaciones-polizas-vda,ms-ne-op-cobranza-registra-afiliaciones-polizas-vda,0,0,0,0,21/11/2023,15:33:33
pe.com.pacifico.kuntur:ms-ne-op-cobranza-registra-obligaciones-polizas-vda,ms-ne-op-cobranza-registra-obligaciones-polizas-vda,0,0,0,0,21/11/2023,15:33:33
pe.com.pacifico.kuntur:ms-ne-op-cobranza-registra-polizas-vda,ms-ne-op-cobranza-registra-polizas-vda,0,0,0,0,21/11/2023,15:33:33
pe.com.pacifico.kuntur:ms-ne-pago-genera-recibo-pago-rentas-vda,ms-ne-pago-genera-recibo-pago-rentas-vda,0,0,0,0,21/11/2023,15:33:33
pe.com.pacifico.kuntur:ms-ne-procesa-poliza-particular-rentas,ms-ne-procesa-poliza-particular-rentas,1,42,4,1,21/11/2023,15:33:33
pe.com.pacifico.kuntur:ms-ne-procesa-solicitud-siniestro-sib-pga,ms-ne-procesa-solicitud-siniestro-sib-pga,0.2,17,2,1,21/11/2023,15:33:33
pe.com.pacifico.kuntur:ms-ne-productos-protege-pga,ms-ne-productos-protege-pga,0,0,0,0,21/11/2023,15:33:33
pe.com.pacifico.kuntur:ms-ne-progreso-curso,ms-ne-progreso-curso,0,0,0,0,21/11/2023,15:33:33
pe.com.pacifico.kuntur:ms-ne-prospecto-rentas,ms-ne-prospecto-rentas,0,0,0,0,21/11/2023,15:33:33
pe.com.pacifico.kuntur:ms-ne-registra-alta-contratante-pga,ms-ne-registra-alta-contratante-pga,0,0,0,0,21/11/2023,15:33:33
pe.com.pacifico.kuntur:ms-ne-registra-archivo-pga,ms-ne-registra-archivo-pga,0,0,0,0,21/11/2023,15:33:33
pe.com.pacifico.kuntur:ms-ne-registra-aviso-siniestro-rrll-pga,ms-ne-registra-aviso-siniestro-rrll-pga,0,0,0,0,21/11/2023,15:33:33
pe.com.pacifico.kuntur:ms-ne-registra-incidencia-crm,ms-ne-registra-incidencia-crm,1.6,63,4,4,21/11/2023,15:33:33
pe.com.pacifico.kuntur:ms-ne-registra-respuesta-documento-abby,ms-ne-registra-respuesta-documento-abby,0,0,0,0,21/11/2023,15:33:33
pe.com.pacifico.kuntur:ms-ne-retorno-link-pdf-dana-desencolar,ms-ne-retorno-link-pdf-dana-desencolar,0,0,0,0,21/11/2023,15:33:34
pe.com.pacifico.kuntur:ms-ne-seguro-desgravamen-asegurado-desgravamen-digital-vda,ms-ne-seguro-desgravamen-asegurado-desgravamen-digital-vda,0,0,0,0,21/11/2023,15:33:34
pe.com.pacifico.kuntur:ms-ne-seguro-desgravamen-cita-medica-desgravamen-digital-vda,ms-ne-seguro-desgravamen-cita-medica-desgravamen-digital-vda,0,0,0,0,21/11/2023,15:33:34
pe.com.pacifico.kuntur:ms-ne-seguro-desgravamen-evaluacion-desgravamen-digital-vda,ms-ne-seguro-desgravamen-evaluacion-desgravamen-digital-vda,0.3,63,5,1,21/11/2023,15:33:34
pe.com.pacifico.kuntur:ms-ne-seguro-desgravamen-maestro-desgravamen-digital-vda,ms-ne-seguro-desgravamen-maestro-desgravamen-digital-vda,0,0,0,0,21/11/2023,15:33:34
pe.com.pacifico.kuntur:ms-ne-seguro-desgravamen-requisito-desgravamen-digital-vda,ms-ne-seguro-desgravamen-requisito-desgravamen-digital-vda,0,0,0,0,21/11/2023,15:33:34
pe.com.pacifico.kuntur:ms-ne-seguro-desgravamen-solicitud-desgravamen-digital-vda,ms-ne-seguro-desgravamen-solicitud-desgravamen-digital-vda,0,0,0,0,21/11/2023,15:33:34
pe.com.pacifico.kuntur:ms-ne-servicio-al-cliente-consulta-maestrosseguros-pga,ms-ne-servicio-al-cliente-consulta-maestrosseguros-pga,0,0,0,0,21/11/2023,15:33:34
pe.com.pacifico.kuntur:ms-ne-servicio-al-cliente-consulta-persona-ato-pga,ms-ne-servicio-al-cliente-consulta-persona-ato-pga,0,0,0,0,21/11/2023,15:33:34
pe.com.pacifico.kuntur:ms-ne-servicio-al-cliente-consulta-persona-pga,ms-ne-servicio-al-cliente-consulta-persona-pga,0,0,0,0,21/11/2023,15:33:34
pe.com.pacifico.tup:ms-ne-servicio-al-cliente-consulta-persona-tup-pga,ms-ne-servicio-al-cliente-consulta-persona-tup-pga,0,0,0,0,21/11/2023,15:33:38
pe.com.pacifico.kuntur:ms-ne-servicio-al-cliente-consulta-poliza-salud,ms-ne-servicio-al-cliente-consulta-poliza-salud,0,0,0,0,21/11/2023,15:33:34
pe.com.pacifico.kuntur:ms-ne-servicio-al-cliente-consulta-poliza-viap-vda,ms-ne-servicio-al-cliente-consulta-poliza-viap-vda,0,0,0,0,21/11/2023,15:33:34
pe.com.pacifico.kuntur:ms-ne-servicio-al-cliente-consulta-score-persona-pga,ms-ne-servicio-al-cliente-consulta-score-persona-pga,0,0,0,0,21/11/2023,15:33:34
pe.com.pacifico.kuntur:ms-ne-servicio-al-cliente-consulta-seguros-pga,ms-ne-servicio-al-cliente-consulta-seguros-pga,0,0,0,0,21/11/2023,15:33:34
pe.com.pacifico.kuntur:ms-ne-servicio-al-cliente-consulta-seguros-sld,ms-ne-servicio-al-cliente-consulta-seguros-sld,0,0,0,0,21/11/2023,15:33:34
pe.com.pacifico.kuntur:ms-ne-servicio-al-cliente-consulta-seguros-vda,ms-ne-servicio-al-cliente-consulta-seguros-vda,0,0,0,0,21/11/2023,15:33:34
pe.com.pacifico.kuntur:ms-ne-servicio-al-cliente-documentos-cliente-gen,ms-ne-servicio-al-cliente-documentos-cliente-gen,0,0,0,0,21/11/2023,15:33:34
pe.com.pacifico.kuntur:ms-ne-servicio-al-cliente-documentos-cliente-vda,ms-ne-servicio-al-cliente-documentos-cliente-vda,0,0,0,0,21/11/2023,15:33:34
pe.com.pacifico.kuntur:ms-ne-servicio-al-cliente-evalua-nivel-riesgo-persona-ato-pga,ms-ne-servicio-al-cliente-evalua-nivel-riesgo-persona-ato-pga,0,0,0,0,21/11/2023,15:33:34
pe.com.pacifico.kuntur:ms-ne-servicio-al-cliente-gestion-archivos-reembolsos,ms-ne-servicio-al-cliente-gestion-archivos-reembolsos,0,0,0,0,21/11/2023,15:33:34
pe.com.pacifico.kuntur:ms-ne-servicio-al-cliente-gestion-de-documentos-cliente-pga,ms-ne-servicio-al-cliente-gestion-de-documentos-cliente-pga,0,0,0,0,21/11/2023,15:33:34
pe.com.pacifico.kuntur:ms-ne-servicio-al-cliente-gestion-incidentes-crm-pga,ms-ne-servicio-al-cliente-gestion-incidentes-crm-pga,0,0,0,0,21/11/2023,15:33:34
pe.com.pacifico.kuntur:ms-ne-servicio-al-cliente-gestion-reembolsos,ms-ne-servicio-al-cliente-gestion-reembolsos,0,0,0,0,21/11/2023,15:33:34
pe.com.pacifico.kuntur:ms-ne-servicioiniciaemisionhogar,ms-ne-servicioiniciaemisionhogar,0,0,0,0,21/11/2023,15:33:34
pe.com.pacifico.kuntur:ms-ne-simulacion-valorcuota-vida-inv-vda,ms-ne-simulacion-valorcuota-vida-inv-vda,0,0,0,0,21/11/2023,15:33:34
pe.com.pacifico.kuntur:ms-ne-solicita-envio-facturacion-cliente,ms-ne-solicita-envio-facturacion-cliente,0,0,0,0,21/11/2023,15:33:34
pe.com.pacifico.kuntur:ms-ne-solicitud-alias-cobertura-viap-vda,ms-ne-solicitud-alias-cobertura-viap-vda,0,0,0,0,21/11/2023,15:33:34
pe.com.pacifico.kuntur:ms-ne-solicitud-auditoria-talleres,ms-ne-solicitud-auditoria-talleres,0,0,0,0,21/11/2023,15:33:34
pe.com.pacifico.kuntur:ms-ne-solicitud-beneficiario-rentas-vda,ms-ne-solicitud-beneficiario-rentas-vda,0,0,0,0,21/11/2023,15:33:34
sqp_c68b24deab5fee997a253b1d9ae2d73b9b2ee007,ms-ne-solicitud-configuracion-rentas-vda,0,0,0,0,21/11/2023,15:33:39
pe.com.pacifico.kuntur:ms-ne-solicitud-consulta-beneficios-viap-vda,ms-ne-solicitud-consulta-beneficios-viap-vda,0,0,0,0,21/11/2023,15:33:34
pe.com.pacifico.kuntur:ms-ne-solicitud-consulta-exclusiones-viap-vda,ms-ne-solicitud-consulta-exclusiones-viap-vda,0,0,0,0,21/11/2023,15:33:34
pe.com.pacifico.kuntur:ms-ne-solicitud-emision-poliza-rrgg,ms-ne-solicitud-emision-poliza-rrgg,0,0,0,0,21/11/2023,15:33:34
pe.com.pacifico.kuntur:ms-ne-solicitud-preguntas-rentas-vda,ms-ne-solicitud-preguntas-rentas-vda,5.7,128,6,5,21/11/2023,15:33:34
pe.com.pacifico.kuntur:ms-ne-solicitud-registra-configuracion-rentas-vda,ms-ne-solicitud-registra-configuracion-rentas-vda,0,0,0,0,21/11/2023,15:33:34
pe.com.pacifico.kuntur:ms-ne-solicitud-siniestro-autos-gen,ms-ne-solicitud-siniestro-autos-gen,0,0,0,0,21/11/2023,15:33:34
pe.com.pacifico.kuntur:ms-ne-solicitud-textos-legales-viap-vda,ms-ne-solicitud-textos-legales-viap-vda,0,0,0,0,21/11/2023,15:33:34
pe.com.pacifico.kuntur:ms-ne-solicitud-valida-persona-viap-vda,ms-ne-solicitud-valida-persona-viap-vda,0,0,0,0,21/11/2023,15:33:34
pe.com.pacifico.kuntur:ms-ne-solicitud-venta-digital-rentas-vda,ms-ne-solicitud-venta-digital-rentas-vda,10.8,1338,51,38,21/11/2023,15:33:34
pe.com.pacifico.kuntur:ms-ne-sp-transforma-mensaje-documento-gen,ms-ne-sp-transforma-mensaje-documento-gen,1.9,61,2,2,21/11/2023,15:33:34
pe.com.pacifico.kuntur:ms-ne-srf-siniestro-autos,ms-ne-srf-siniestro-autos,0,0,0,0,21/11/2023,15:33:34
pe.com.pacifico.kuntur:ms-ne-tarificador-endoso-plankm,ms-ne-tarificador-endoso-plankm,0,0,0,0,21/11/2023,15:33:34
pe.com.pacifico.kuntur:ms-ne-tarificador-endosos-generales,ms-ne-tarificador-endosos-generales,0,0,0,0,21/11/2023,15:33:34
pe.com.pacifico.kuntur:ms-ne-tarificador-mtecnico-pesado-generales,ms-ne-tarificador-mtecnico-pesado-generales,5,196,10,1,21/11/2023,15:33:34
pe.com.pacifico.kuntur:ms-ne-tarificador-precot-transformaciones,ms-ne-tarificador-precot-transformaciones,8.4,552,49,26,21/11/2023,15:33:34
pe.com.pacifico.kuntur:ms-ne-tenencia-poliza-pt-pga,ms-ne-tenencia-poliza-pt-pga,0,0,0,0,21/11/2023,15:33:34
pe.com.pacifico.kuntur:ms-ne-tom-gestion-asignacion,ms-ne-tom-gestion-asignacion,0,0,0,0,21/11/2023,15:33:34
pe.com.pacifico.kuntur:ms-ne-tom-gestion-chapters,ms-ne-tom-gestion-chapters,0,0,0,0,21/11/2023,15:33:34
pe.com.pacifico.kuntur:ms-ne-tom-gestion-colaboradores,ms-ne-tom-gestion-colaboradores,0,0,0,0,21/11/2023,15:33:34
pe.com.pacifico.kuntur:ms-ne-tom-gestion-glosas,ms-ne-tom-gestion-glosas,0,0,0,0,21/11/2023,15:33:34
pe.com.pacifico.kuntur:ms-ne-tom-gestion-glosas-facturacion,ms-ne-tom-gestion-glosas-facturacion,0,0,0,0,21/11/2023,15:33:34
pe.com.pacifico.kuntur:ms-ne-tom-gestion-proveedores,ms-ne-tom-gestion-proveedores,0,0,0,0,21/11/2023,15:33:35
pe.com.pacifico.kuntur:ms-ne-tom-gestion-servicios-proyecto,ms-ne-tom-gestion-servicios-proyecto,0,0,0,0,21/11/2023,15:33:35
pe.com.pacifico.kuntur:ms-ne-tom-gestion-squads,ms-ne-tom-gestion-squads,0,0,0,0,21/11/2023,15:33:35
pe.com.pacifico.kuntur:ms-ne-tom-gestion-tribus,ms-ne-tom-gestion-tribus,0,0,0,0,21/11/2023,15:33:35
pe.com.pacifico.kuntur:ms-ne-trazabilidad,ms-ne-trazabilidad,0,0,0,0,21/11/2023,15:33:35
pe.com.pacifico.kuntur:ms-ne-ubigeo-siniestros-autos,ms-ne-ubigeo-siniestros-autos,0,0,0,0,21/11/2023,15:33:35
pe.com.pacifico.kuntur:ms-ne-validacion-post-ocr-pga,ms-ne-validacion-post-ocr-pga,0,0,0,0,21/11/2023,15:33:35
pe.com.pacifico.kuntur:ms-ne-validacion-usuario-siniestros-vida-vda,ms-ne-validacion-usuario-siniestros-vida-vda,0,0,0,0,21/11/2023,15:33:35
pe.com.pacifico.kuntur:ms-ne-validadatospersona,ms-ne-validadatospersona,0,0,0,0,21/11/2023,15:33:35
pe.com.pacifico.kuntur:ms-ne-valoracion-curso,ms-ne-valoracion-curso,0,0,0,0,21/11/2023,15:33:35
pe.com.pacifico.kuntur:ms-ne-venta-cliente-ecommerce-pga,ms-ne-venta-cliente-ecommerce-pga,0,0,0,0,21/11/2023,15:33:35
pe.com.pacifico.kuntur:ms-ne-venta-codigo-descuento-soat-gen,ms-ne-venta-codigo-descuento-soat-gen,0,0,0,0,21/11/2023,15:33:35
pe.com.pacifico.kuntur:ms-ne-venta-consulta-estado-solicitud-venta-viap-vda,ms-ne-venta-consulta-estado-solicitud-venta-viap-vda,0,0,0,0,21/11/2023,15:33:35
pe.com.pacifico.kuntur:ms-ne-venta-consulta-prospecto-viap-vda,ms-ne-venta-consulta-prospecto-viap-vda,0,0,0,0,21/11/2023,15:33:35
pe.com.pacifico.kuntur:ms-ne-venta-envia-firmaelectronica-viap-vda,ms-ne-venta-envia-firmaelectronica-viap-vda,0.9,39,3,3,21/11/2023,15:33:35
pe.com.pacifico.kuntur:ms-ne-venta-envia-solicitud-venta-viap-vda,ms-ne-venta-envia-solicitud-venta-viap-vda,0,0,0,0,21/11/2023,15:33:35
pe.com.pacifico.kuntur:ms-ne-venta-genera-documentosevicertia-viap-vda,ms-ne-venta-genera-documentosevicertia-viap-vda,3.6,191,16,6,21/11/2023,15:33:35
pe.com.pacifico.kuntur:ms-ne-venta-genera-pdfsolicitud-viap-vda,ms-ne-venta-genera-pdfsolicitud-viap-vda,0.5,88,6,5,21/11/2023,15:33:35
pe.com.pacifico.kuntur:ms-ne-venta-genera-token-pago-pga,ms-ne-venta-genera-token-pago-pga,1.4,106,4,2,21/11/2023,15:33:35
pe.com.pacifico.kuntur:ms-ne-venta-grupo-vehiculo-soat-gen,ms-ne-venta-grupo-vehiculo-soat-gen,2,60,3,3,21/11/2023,15:33:35
pe.com.pacifico.kuntur:ms-ne-venta-guarda-solicitud-venta-reintentos-viap-vda,ms-ne-venta-guarda-solicitud-venta-reintentos-viap-vda,0,0,0,0,21/11/2023,15:33:35
pe.com.pacifico.kuntur:ms-ne-venta-guarda-solicitud-venta-viap-vda,ms-ne-venta-guarda-solicitud-venta-viap-vda,0,0,0,0,21/11/2023,15:33:35
pe.com.pacifico.kuntur:ms-ne-venta-inserta-solicitud-venta-onpremise-viap-vda,ms-ne-venta-inserta-solicitud-venta-onpremise-viap-vda,0,0,0,0,21/11/2023,15:33:35
pe.com.pacifico.kuntur:ms-ne-venta-listanegra-soat-gen,ms-ne-venta-listanegra-soat-gen,0,0,0,0,21/11/2023,15:33:35
pe.com.pacifico.kuntur:ms-ne-venta-lugar-circulacion-soat-gen,ms-ne-venta-lugar-circulacion-soat-gen,0,0,0,0,21/11/2023,15:33:35
pe.com.pacifico.kuntur:ms-ne-venta-modelo-autos-gen,ms-ne-venta-modelo-autos-gen,0,0,0,0,21/11/2023,15:33:35
ms-ne-venta-nueva-consulta-cotizacion-autos-gen,ms-ne-venta-nueva-consulta-cotizacion-autos-gen,0,0,0,0,21/11/2023,15:33:29
pe.com.pacifico.kuntur:ms-ne-venta-nueva-registra-cotizacion-autos-gen,ms-ne-venta-nueva-registra-cotizacion-autos-gen,0.3,38,2,2,21/11/2023,15:33:35
pe.com.pacifico.kuntur:ms-ne-venta-nueva-seguros-consulta-vehiculo-gen,ms-ne-venta-nueva-seguros-consulta-vehiculo-gen,1.3,47,2,1,21/11/2023,15:33:35
pe.com.pacifico.kuntur:ms-ne-venta-pago-niubiz-pga,ms-ne-venta-pago-niubiz-pga,0,0,0,0,21/11/2023,15:33:35
pe.com.pacifico.kuntur:ms-ne-venta-pago-safetypay-viap-vda,ms-ne-venta-pago-safetypay-viap-vda,0,0,0,0,21/11/2023,15:33:35
pe.com.pacifico.kuntur:ms-ne-venta-pago-viap-vda,ms-ne-venta-pago-viap-vda,0,0,0,0,21/11/2023,15:33:35
pe.com.pacifico.kuntur:ms-ne-venta-parametro-pago-pga,ms-ne-venta-parametro-pago-pga,2.7,126,6,4,21/11/2023,15:33:35
pe.com.pacifico.kuntur:ms-ne-venta-recepciona-informacion-pago-niubiz-pga,ms-ne-venta-recepciona-informacion-pago-niubiz-pga,0,0,0,0,21/11/2023,15:33:35
pe.com.pacifico.kuntur:ms-ne-venta-registra-requisitos-iniciales-solicitud-viap-vda,ms-ne-venta-registra-requisitos-iniciales-solicitud-viap-vda,0,0,0,0,21/11/2023,15:33:35
pe.com.pacifico.kuntur:ms-ne-venta-score-riesgo-fraude-soat-pga,ms-ne-venta-score-riesgo-fraude-soat-pga,0,0,0,0,21/11/2023,15:33:35
pe.com.pacifico.kuntur:ms-ne-venta-solicitud-soat-gen,ms-ne-venta-solicitud-soat-gen,3.6,160,8,2,21/11/2023,15:33:35
pe.com.pacifico.kuntur:ms-ne-venta-tarifario-soat-gen,ms-ne-venta-tarifario-soat-gen,0,0,0,0,21/11/2023,15:33:35
pe.com.pacifico.kuntur:ms-oi-anulacion-poliza-salud,ms-oi-anulacion-poliza-salud,0,0,0,0,21/11/2023,15:33:35
pe.com.pacifico.kuntur:ms-oi-bcp-gestion-poliza-amed-salud,ms-oi-bcp-gestion-poliza-amed-salud,0,0,0,0,21/11/2023,15:33:35
pe.com.pacifico.kuntur:ms-oi-ci-pcea-gestion-clientes,ms-oi-ci-pcea-gestion-clientes,0,0,0,0,21/11/2023,15:33:35
pe.com.pacifico.kuntur:ms-oi-ci-pcea-gestion-cotizacion-vehicular,ms-oi-ci-pcea-gestion-cotizacion-vehicular,0,0,0,0,21/11/2023,15:33:35
pe.com.pacifico.kuntur:ms-oi-ci-pcea-gestion-datos-cotizacion-vehicular,ms-oi-ci-pcea-gestion-datos-cotizacion-vehicular,0,0,0,0,21/11/2023,15:33:35
pe.com.pacifico.kuntur:ms-oi-ci-pcea-gestion-poliza-vehicular,ms-oi-ci-pcea-gestion-poliza-vehicular,0,0,0,0,21/11/2023,15:33:35
pe.com.pacifico.kuntur:ms-oi-cobranzas-consulta-pagos-poliza-salud,ms-oi-cobranzas-consulta-pagos-poliza-salud,0,0,0,0,21/11/2023,15:33:35
pe.com.pacifico.kuntur:ms-oi-consulta-suma-asegurada-autos-falabella-gen,ms-oi-consulta-suma-asegurada-autos-falabella-gen,0,0,0,0,21/11/2023,15:33:35
pe.com.pacifico.kuntur:ms-oi-cotizacion-autos-falabella-gen,ms-oi-cotizacion-autos-falabella-gen,0,0,0,0,21/11/2023,15:33:35
pe.com.pacifico.kuntur:ms-oi-cotizacion-poliza-tps-pga,ms-oi-cotizacion-poliza-tps-pga,0,0,0,0,21/11/2023,15:33:35
pe.com.pacifico.kuntur:ms-oi-cotizacion-poliza-tps-yape-pga,ms-oi-cotizacion-poliza-tps-yape-pga,0,0,0,0,21/11/2023,15:33:35
pe.com.pacifico.kuntur:ms-oi-cotizacion-tps-yape-pga,ms-oi-cotizacion-tps-yape-pga,0,0,0,0,21/11/2023,15:33:35
pe.com.pacifico.kuntur:ms-oi-eacl-danios-siniestro-autos,ms-oi-eacl-danios-siniestro-autos,0,0,0,0,21/11/2023,15:33:35
pe.com.pacifico.kuntur:ms-oi-emision-poliza-tps-bcp-pga,ms-oi-emision-poliza-tps-bcp-pga,0,0,0,0,21/11/2023,15:33:35
pe.com.pacifico.kuntur:ms-oi-emision-poliza-tps-yape-pga,ms-oi-emision-poliza-tps-yape-pga,0,0,0,0,21/11/2023,15:33:35
pe.com.pacifico.kuntur:ms-oi-emision-tps-yape-pga,ms-oi-emision-tps-yape-pga,0,0,0,0,21/11/2023,15:33:35
pe.com.pacifico.kuntur:ms-oi-friss-riesgo-persona,ms-oi-friss-riesgo-persona,0,0,0,0,21/11/2023,15:33:35
pe.com.pacifico.kuntur:ms-oi-friss-riesgo-vehiculo,ms-oi-friss-riesgo-vehiculo,0,0,0,0,21/11/2023,15:33:35
pe.com.pacifico.kuntur:ms-oi-ma-bcp-bmo-adquiere-soat,ms-oi-ma-bcp-bmo-adquiere-soat,5,786,6,6,21/11/2023,15:33:35
pe.com.pacifico.kuntur:ms-oi-ma-dana-confirmadocumentodana-gen,ms-oi-ma-dana-confirmadocumentodana-gen,0,0,0,0,21/11/2023,15:33:35
pe.com.pacifico.kuntur:ms-oi-mnk-gestion-venta-soat,ms-oi-mnk-gestion-venta-soat,7,522,6,4,21/11/2023,15:33:35
pe.com.pacifico.kuntur:ms-oi-mnk-tenencia-poliza-pt,ms-oi-mnk-tenencia-poliza-pt,0,0,0,0,21/11/2023,15:33:35
pe.com.pacifico.kuntur:ms-oi-psig-gestion-siniestro-autos,ms-oi-psig-gestion-siniestro-autos,0,0,0,0,21/11/2023,15:33:35
pe.com.pacifico.kuntur:ms-oi-registra-emision-autos-falabella-gen,ms-oi-registra-emision-autos-falabella-gen,0,0,0,0,21/11/2023,15:33:36
pe.com.pacifico.kuntur:ms-oi-servicio-al-cliente-consulta-poliza-salud,ms-oi-servicio-al-cliente-consulta-poliza-salud,0,0,0,0,21/11/2023,15:33:36
pe.com.pacifico.kuntur:ms-oi-tenencia-poliza-pt-pga,ms-oi-tenencia-poliza-pt-pga,0,0,0,0,21/11/2023,15:33:36
pe.com.pacifico.kuntur:ms-registra-incidente-endoso-crm,ms-registra-incidente-endoso-crm,0,0,0,0,21/11/2023,15:33:36
com.everis.ecnf:ms-sp-arquitectura-genera-proyecto-inicial-pga,ms-sp-arquitectura-genera-proyecto-inicial-pga,0,0,0,0,21/11/2023,15:33:28
pe.com.pacifico.kuntur:ms-sp-arquitectura-genera-proyecto-inicial-pga,ms-sp-arquitectura-genera-proyecto-inicial-pga,0,0,0,0,21/11/2023,15:33:36
pe.com.pacifico.kuntur:ms-sp-arquitectura-kuntur-base-pga,ms-sp-arquitectura-kuntur-base-pga,0,0,0,0,21/11/2023,15:33:36
pe.com.pacifico.kuntur:ms-sp-autorizacion-acceso,ms-sp-autorizacion-acceso,0,0,0,0,21/11/2023,15:33:36
pe.com.pacifico.kuntur:ms-sp-calcular-prima-poliza-gen,ms-sp-calcular-prima-poliza-gen,0,0,0,0,21/11/2023,15:33:36
pe.com.pacifico.kuntur:ms-sp-calculo-devolucion-desgravamen,ms-sp-calculo-devolucion-desgravamen,0,0,0,0,21/11/2023,15:33:36
pe.com.pacifico.kuntur:ms-sp-comunicacion-modelo-dia,ms-sp-comunicacion-modelo-dia,0,0,0,0,21/11/2023,15:33:36
pe.com.pacifico.kuntur:ms-sp-consulta-codigo-proceso-gen,ms-sp-consulta-codigo-proceso-gen,0,0,0,0,21/11/2023,15:33:36
pe.com.pacifico.kuntur:ms-sp-consultapolizapt,ms-sp-consultapolizapt,0,0,0,0,21/11/2023,15:33:36
pe.com.pacifico.kuntur:ms-sp-consultapolizapt-vda,ms-sp-consultapolizapt-vda,0,0,0,0,21/11/2023,15:33:36
pe.com.pacifico.kuntur:ms-sp-cotizacion-genera-slip-trin-gen,ms-sp-cotizacion-genera-slip-trin-gen,0,0,0,0,21/11/2023,15:33:36
pe.com.pacifico.kuntur:ms-sp-cotizacion-genera-slip-vida-ley-empleados-vda,ms-sp-cotizacion-genera-slip-vida-ley-empleados-vda,0,0,0,0,21/11/2023,15:33:36
pe.com.pacifico.kuntur:ms-sp-desgravamen-registra-persona-desgravamen-digital-vda,ms-sp-desgravamen-registra-persona-desgravamen-digital-vda,0,0,0,0,21/11/2023,15:33:36
pe.com.pacifico.kuntur:ms-sp-envio-estado-cuenta,ms-sp-envio-estado-cuenta,0,0,0,0,21/11/2023,15:33:36
pe.com.pacifico.kuntur:ms-sp-envioboletafactura-cliente,ms-sp-envioboletafactura-cliente,0,0,0,0,21/11/2023,15:33:36
pe.com.pacifico.kuntur:ms-sp-equivalenciaatributospersonagw,ms-sp-equivalenciaatributospersonagw,0,0,0,0,21/11/2023,15:33:36
pe.com.pacifico.kuntur:ms-sp-genera-invitacion-magic-link,ms-sp-genera-invitacion-magic-link,0,0,0,0,21/11/2023,15:33:36
pe.com.pacifico.kuntur:ms-sp-generacion-envio-constancia-cliente,ms-sp-generacion-envio-constancia-cliente,0,0,0,0,21/11/2023,15:33:36
pe.com.pacifico.kuntur:ms-sp-generacion-envio-pago-cliente,ms-sp-generacion-envio-pago-cliente,0,0,0,0,21/11/2023,15:33:36
pe.com.pacifico.kuntur:ms-sp-generacion-valoracion-certificacion-acumulada,ms-sp-generacion-valoracion-certificacion-acumulada,0,0,0,0,21/11/2023,15:33:36
pe.com.pacifico.kuntur:ms-sp-gestion-carga-colaborador,ms-sp-gestion-carga-colaborador,0,0,0,0,21/11/2023,15:33:36
pe.com.pacifico.kuntur:ms-sp-gestion-entidades-seguridad,ms-sp-gestion-entidades-seguridad,0,0,0,0,21/11/2023,15:33:36
pe.com.pacifico.kuntur:ms-sp-gestion-poliza-apeseg,ms-sp-gestion-poliza-apeseg,0,0,0,0,21/11/2023,15:33:36
pe.com.pacifico.kuntur:ms-sp-gestion-satisfaccion-usuario,ms-sp-gestion-satisfaccion-usuario,0,0,0,0,21/11/2023,15:33:36
pe.com.pacifico.kuntur:ms-sp-identificacion-biometrica-auditoria-pga,ms-sp-identificacion-biometrica-auditoria-pga,0,0,0,0,21/11/2023,15:33:36
pe.com.pacifico.kuntur:ms-sp-identificacion-biometrica-valida-facial-persona-pga,ms-sp-identificacion-biometrica-valida-facial-persona-pga,0,0,0,0,21/11/2023,15:33:36
pe.com.pacifico.kuntur:ms-sp-mensajeria-envia-documentos-cliente-pga,ms-sp-mensajeria-envia-documentos-cliente-pga,0,0,0,0,21/11/2023,15:33:36
pe.com.pacifico.kuntur:ms-sp-mensajeria-envia-siniestro-autos,ms-sp-mensajeria-envia-siniestro-autos,0,0,0,0,21/11/2023,15:33:36
pe.com.pacifico.kuntur:ms-sp-mensajeria-envia-solicitud-emision-rrgg,ms-sp-mensajeria-envia-solicitud-emision-rrgg,0.6,56,4,4,21/11/2023,15:33:36
pe.com.pacifico.kuntur:ms-sp-mensajeria-envia-solicitud-siniestros-pga,ms-sp-mensajeria-envia-solicitud-siniestros-pga,0,0,0,0,21/11/2023,15:33:36
pe.com.pacifico.kuntur:ms-sp-mensajeria-envia-solicitud-vida-ley-empleados-vda,ms-sp-mensajeria-envia-solicitud-vida-ley-empleados-vda,0,0,0,0,21/11/2023,15:33:36
pe.com.pacifico.kuntur:ms-sp-mensajeria-recibe-siniestro-autos,ms-sp-mensajeria-recibe-siniestro-autos,0,0,0,0,21/11/2023,15:33:36
pe.com.pacifico.kuntur:ms-sp-mensajeria-recibe-siniestro-autos-asiste-gen,ms-sp-mensajeria-recibe-siniestro-autos-asiste-gen,0,0,0,0,21/11/2023,15:33:36
pe.com.pacifico.kuntur:ms-sp-mensajeria-recibe-solicitud-emision-rrgg,ms-sp-mensajeria-recibe-solicitud-emision-rrgg,0,0,0,0,21/11/2023,15:33:36
pe.com.pacifico.kuntur:ms-sp-mensajeria-recibe-solicitud-vida-ley-empleados-vda,ms-sp-mensajeria-recibe-solicitud-vida-ley-empleados-vda,0,0,0,0,21/11/2023,15:33:36
pe.com.pacifico.kuntur:ms-sp-mensajeria-reintenta-siniestro-autos,ms-sp-mensajeria-reintenta-siniestro-autos,0,0,0,0,21/11/2023,15:33:36
pe.com.pacifico.kuntur:ms-sp-mensajeria-reintenta-siniestro-autos-asiste-gen,ms-sp-mensajeria-reintenta-siniestro-autos-asiste-gen,0,0,0,0,21/11/2023,15:33:36
pe.com.pacifico.kuntur:ms-sp-mensajeria-reintenta-solicitud-emision-rrgg,ms-sp-mensajeria-reintenta-solicitud-emision-rrgg,0,0,0,0,21/11/2023,15:33:36
pe.com.pacifico.kuntur:ms-sp-mensajeria-reintenta-solicitud-vida-ley-empleados-vda,ms-sp-mensajeria-reintenta-solicitud-vida-ley-empleados-vda,0,0,0,0,21/11/2023,15:33:36
pe.com.pacifico.kuntur:ms-sp-portal-de-empresas-genera-base-de-datos-pga,ms-sp-portal-de-empresas-genera-base-de-datos-pga,0,0,0,0,21/11/2023,15:33:36
pe.com.pacifico.kuntur:ms-sp-procesa-carga-colaborador,ms-sp-procesa-carga-colaborador,0,0,0,0,21/11/2023,15:33:36
pe.com.pacifico.kuntur:ms-sp-prospeccion-consulta-contratante-pga,ms-sp-prospeccion-consulta-contratante-pga,0,0,0,0,21/11/2023,15:33:36
pe.com.pacifico.kuntur:ms-sp-prospeccion-valida-contratante-pga,ms-sp-prospeccion-valida-contratante-pga,0,0,0,0,21/11/2023,15:33:36
pe.com.pacifico.kuntur:ms-sp-recepciona-valoracion-certificacion-acumulada,ms-sp-recepciona-valoracion-certificacion-acumulada,0,0,0,0,21/11/2023,15:33:36
pe.com.pacifico.kuntur:ms-sp-reintenta-informacion-prepago-desgravamen,ms-sp-reintenta-informacion-prepago-desgravamen,0,0,0,0,21/11/2023,15:33:36
pe.com.pacifico.kuntur:ms-sp-reintenta-procesa-carga-colaborador,ms-sp-reintenta-procesa-carga-colaborador,0,0,0,0,21/11/2023,15:33:36
pe.com.pacifico.kuntur:ms-sp-retorno-link-pdf-dana-encolar,ms-sp-retorno-link-pdf-dana-encolar,0,0,0,0,21/11/2023,15:33:36
pe.com.pacifico.kuntur:ms-sp-score-riesgo-equifax,ms-sp-score-riesgo-equifax,0,0,0,0,21/11/2023,15:33:37
pe.com.pacifico.kuntur:ms-sp-soporte-ti-envia-documento-abby,ms-sp-soporte-ti-envia-documento-abby,0,0,0,0,21/11/2023,15:33:37
pe.com.pacifico.kuntur:ms-sp-soporte-ti-genera-codigo-cip-pga,ms-sp-soporte-ti-genera-codigo-cip-pga,0,0,0,0,21/11/2023,15:33:37
pe.com.pacifico.kuntur:ms-sp-soporte-ti-genera-codigo-safety-pay-pga,ms-sp-soporte-ti-genera-codigo-safety-pay-pga,0,0,0,0,21/11/2023,15:33:37
pe.com.pacifico.kuntur:ms-sp-soporte-ti-genera-token-pga,ms-sp-soporte-ti-genera-token-pga,0,0,0,0,21/11/2023,15:33:37
pe.com.pacifico.kuntur:ms-sp-soporte-ti-geografia-ecommerce-pga,ms-sp-soporte-ti-geografia-ecommerce-pga,0,0,0,0,21/11/2023,15:33:37
pe.com.pacifico.kuntur:ms-sp-soporte-ti-guarda-archivos-pga,ms-sp-soporte-ti-guarda-archivos-pga,0,0,0,0,21/11/2023,15:33:37
pe.com.pacifico.kuntur:ms-sp-soporte-ti-lee-archivos-pga,ms-sp-soporte-ti-lee-archivos-pga,0,0,0,0,21/11/2023,15:33:37
pe.com.pacifico.kuntur:ms-sp-valida-riesgo-geopoint,ms-sp-valida-riesgo-geopoint,0,0,0,0,21/11/2023,15:33:37
pe.com.pacifico.kuntur:ms-sp-venta-sincroniza-data-new-soat-gen,ms-sp-venta-sincroniza-data-new-soat-gen,0,0,0,0,21/11/2023,15:33:37
pe.com.pacifico.kuntur:ms-ux-alta-contratante,ms-ux-alta-contratante,0,0,0,0,21/11/2023,15:33:37
pe.com.pacifico.kuntur:ms-ux-ca-boes-gestion-pagos-soat,ms-ux-ca-boes-gestion-pagos-soat,0,0,0,0,21/11/2023,15:33:37
pe.com.pacifico.kuntur:ms-ux-ca-pcem-gestion-cotizacion-rrgg,ms-ux-ca-pcem-gestion-cotizacion-rrgg,0,0,0,0,21/11/2023,15:33:37
pe.com.pacifico.kuntur:ms-ux-ca-pcem-gestion-documentos-rrgg,ms-ux-ca-pcem-gestion-documentos-rrgg,0,0,0,0,21/11/2023,15:33:37
pe.com.pacifico.kuntur:ms-ux-ca-pcem-gestion-emision-rrgg,ms-ux-ca-pcem-gestion-emision-rrgg,0,0,0,0,21/11/2023,15:33:37
pe.com.pacifico.kuntur:ms-ux-ca-pcem-gestion-parametros-rrgg,ms-ux-ca-pcem-gestion-parametros-rrgg,0,0,0,0,21/11/2023,15:33:37
pe.com.pacifico.kuntur:ms-ux-ca-PCET-gestion-polizas-generales,ms-ux-ca-PCET-gestion-polizas-generales,0,0,0,0,21/11/2023,15:33:37
pe.com.pacifico.kuntur:ms-ux-ca-pcta-gestion-poliza-trca,ms-ux-ca-pcta-gestion-poliza-trca,0,0,0,0,21/11/2023,15:33:37
pe.com.pacifico.kuntur:ms-ux-ca-sdmc-gestiondescuentoamedsalud,ms-ux-ca-sdmc-gestiondescuentoamedsalud,0,0,0,0,21/11/2023,15:33:37
pe.com.pacifico.kuntur:ms-ux-chatbot-autos-consulta-siniestro-gen,ms-ux-chatbot-autos-consulta-siniestro-gen,0,0,0,0,21/11/2023,15:33:37
pe.com.pacifico.kuntur:ms-ux-chatbot-envia-documentos-clientes-pga,ms-ux-chatbot-envia-documentos-clientes-pga,0,0,0,0,21/11/2023,15:33:37
pe.com.pacifico.kuntur:ms-ux-ciam-base-opera-token-sesion-pga,ms-ux-ciam-base-opera-token-sesion-pga,0,0,0,0,21/11/2023,15:33:37
pe.com.pacifico.kuntur:ms-ux-consulta-transporte-poliza-gen,ms-ux-consulta-transporte-poliza-gen,0,0,0,0,21/11/2023,15:33:37
pe.com.pacifico.kuntur:ms-ux-cotizacion-notificacion-viap-vda,ms-ux-cotizacion-notificacion-viap-vda,2.5,44,2,1,21/11/2023,15:33:37
pe.com.pacifico.kuntur:ms-ux-di-sdmc-gestiondescuentoamedsalud,ms-ux-di-sdmc-gestiondescuentoamedsalud,0,0,0,0,21/11/2023,15:33:37
pe.com.pacifico.kuntur:ms-ux-di-ssdr-gestionsolicituddigitalrentas,ms-ux-di-ssdr-gestionsolicituddigitalrentas,1.1,122,6,4,21/11/2023,15:33:37
pe.com.pacifico.kuntur:ms-ux-ecomsoat-pago-efectivo-callback-pga,ms-ux-ecomsoat-pago-efectivo-callback-pga,0,0,0,0,21/11/2023,15:33:37
pe.com.pacifico.kuntur:ms-ux-gestion-acceso,ms-ux-gestion-acceso,0,0,0,0,21/11/2023,15:33:37
pe.com.pacifico.kuntur:ms-ux-gestion-cobro,ms-ux-gestion-cobro,3.5,70,2,1,21/11/2023,15:33:37
pe.com.pacifico.kuntur:ms-ux-gestion-colaborador,ms-ux-gestion-colaborador,0,0,0,0,21/11/2023,15:33:37
pe.com.pacifico.kuntur:ms-ux-gestion-curso,ms-ux-gestion-curso,0,0,0,0,21/11/2023,15:33:37
pe.com.pacifico.kuntur:ms-ux-gestion-curso-colaborador,ms-ux-gestion-curso-colaborador,0,0,0,0,21/11/2023,15:33:37
pe.com.pacifico.kuntur:ms-ux-identificacion-biometrica-valida-informacion-persona-pga,ms-ux-identificacion-biometrica-valida-informacion-persona-pga,0,0,0,0,21/11/2023,15:33:37
pe.com.pacifico.kuntur:ms-ux-ma-boea-gestion-proceso-interno-autos,ms-ux-ma-boea-gestion-proceso-interno-autos,4.2,338,12,12,21/11/2023,15:33:37
pe.com.pacifico.kuntur:ms-ux-ma-boes-gestion-proceso-interno-soat,ms-ux-ma-boes-gestion-proceso-interno-soat,4.5,218,8,8,21/11/2023,15:33:37
pe.com.pacifico.kuntur:ms-ux-ma-boev-gestion-proceso-interno-vida,ms-ux-ma-boev-gestion-proceso-interno-vida,0,0,0,0,21/11/2023,15:33:37
pe.com.pacifico.kuntur:ms-ux-ma-chve-gestion-notificacion-pagos-cliente,ms-ux-ma-chve-gestion-notificacion-pagos-cliente,0,0,0,0,21/11/2023,15:33:37
pe.com.pacifico.kuntur:ms-ux-ma-chve-gestion-siniestro-autos,ms-ux-ma-chve-gestion-siniestro-autos,0,0,0,0,21/11/2023,15:33:37
pe.com.pacifico.kuntur:ms-ux-ma-chve-gestionrelacioncliente,ms-ux-ma-chve-gestionrelacioncliente,0,0,0,0,21/11/2023,15:33:37
pe.com.pacifico.kuntur:ms-ux-ma-chve-solicita-facturacion-cliente,ms-ux-ma-chve-solicita-facturacion-cliente,0,0,0,0,21/11/2023,15:33:37
pe.com.pacifico.kuntur:ms-ux-ma-consultapersonaleads,ms-ux-ma-consultapersonaleads,0,0,0,0,21/11/2023,15:33:37
pe.com.pacifico.kuntur:ms-ux-ma-ecau-adquiere-poliza-autos,ms-ux-ma-ecau-adquiere-poliza-autos,0,0,0,0,21/11/2023,15:33:37
pe.com.pacifico.kuntur:ms-ux-ma-ecau-gestion-poliza-autos,ms-ux-ma-ecau-gestion-poliza-autos,0,0,0,0,21/11/2023,15:33:37
pe.com.pacifico.kuntur:ms-ux-ma-ecsoatcliente-gestion-soat,ms-ux-ma-ecsoatcliente-gestion-soat,3.3,760,17,10,21/11/2023,15:33:37
pe.com.pacifico.kuntur:ms-ux-ma-ecvb-adquiere-poliza-vida,ms-ux-ma-ecvb-adquiere-poliza-vida,0,0,0,0,21/11/2023,15:33:37
pe.com.pacifico.kuntur:ms-ux-ma-ecvd-gestion-poliza-vida,ms-ux-ma-ecvd-gestion-poliza-vida,0,0,0,0,21/11/2023,15:33:37
pe.com.pacifico.kuntur:ms-ux-ma-ecvi-cotizacionpolizaviap,ms-ux-ma-ecvi-cotizacionpolizaviap,0,0,0,0,21/11/2023,15:33:37
pe.com.pacifico.kuntur:ms-ux-ma-ecvi-gestionrelacionescliente,ms-ux-ma-ecvi-gestionrelacionescliente,0,0,0,0,21/11/2023,15:33:37
pe.com.pacifico.kuntur:ms-ux-ma-ecvi-ventapolizaviap,ms-ux-ma-ecvi-ventapolizaviap,0,0,0,0,21/11/2023,15:33:37
pe.com.pacifico.kuntur:ms-ux-ma-gestionprospectoleads,ms-ux-ma-gestionprospectoleads,0,0,0,0,21/11/2023,15:33:37
pe.com.pacifico.kuntur:ms-ux-ma-spym-gestion-cliente-pyme,ms-ux-ma-spym-gestion-cliente-pyme,0,0,0,0,21/11/2023,15:33:38
pe.com.pacifico.kuntur:ms-ux-ma-tom-consolidacion-horas,ms-ux-ma-tom-consolidacion-horas,0,0,0,0,21/11/2023,15:33:38
pe.com.pacifico.kuntur:ms-ux-ma-wash-gestionarchivosiniestros-hogar,ms-ux-ma-wash-gestionarchivosiniestros-hogar,0,0,0,0,21/11/2023,15:33:38
pe.com.pacifico.kuntur:ms-ux-ma-wbspoffs-gestionaseguradovidaindividual,ms-ux-ma-wbspoffs-gestionaseguradovidaindividual,1.4,40,2,2,21/11/2023,15:33:38
pe.com.pacifico.kuntur:ms-ux-mep-consulta-beneficios-cliente-pga,ms-ux-mep-consulta-beneficios-cliente-pga,0,0,0,0,21/11/2023,15:33:38
pe.com.pacifico.kuntur:ms-ux-mep-consulta-seguros-pga,ms-ux-mep-consulta-seguros-pga,0,0,0,0,21/11/2023,15:33:38
pe.com.pacifico.kuntur:ms-ux-mep-gestion-accesos,ms-ux-mep-gestion-accesos,0,0,0,0,21/11/2023,15:33:38
pe.com.pacifico.kuntur:ms-ux-mep-gestion-de-incidentes-crm-pga,ms-ux-mep-gestion-de-incidentes-crm-pga,0,0,0,0,21/11/2023,15:33:38
pe.com.pacifico.kuntur:ms-ux-mep-gestion-reembolsos,ms-ux-mep-gestion-reembolsos,0,0,0,0,21/11/2023,15:33:38
pe.com.pacifico.kuntur:ms-ux-mep-gestion-siniestro-auto,ms-ux-mep-gestion-siniestro-auto,0,0,0,0,21/11/2023,15:33:38
pe.com.pacifico.kuntur:ms-ux-portal-de-corredores-registra-endoso-aplicacion-pago-pga,ms-ux-portal-de-corredores-registra-endoso-aplicacion-pago-pga,0,0,0,0,21/11/2023,15:33:38
pe.com.pacifico.kuntur:ms-ux-portal-de-corredores-registra-endoso-generico-pga,ms-ux-portal-de-corredores-registra-endoso-generico-pga,0,0,0,0,21/11/2023,15:33:38
pe.com.pacifico.kuntur:ms-ux-portal-de-empresas-consulta-productos-pga,ms-ux-portal-de-empresas-consulta-productos-pga,0,0,0,0,21/11/2023,15:33:38
pe.com.pacifico.kuntur:ms-ux-portal-empresas-consulta-clasificacion-contratante-pga,ms-ux-portal-empresas-consulta-clasificacion-contratante-pga,0,0,0,0,21/11/2023,15:33:38
pe.com.pacifico.kuntur:ms-ux-portal-empresas-gestion-servicios-producto,ms-ux-portal-empresas-gestion-servicios-producto,0,0,0,0,21/11/2023,15:33:38
pe.com.pacifico.kuntur:ms-ux-pv-crmp-consulta-seguros-generales,ms-ux-pv-crmp-consulta-seguros-generales,0,0,0,0,21/11/2023,15:33:38
pe.com.pacifico.kuntur:ms-ux-pv-crmp-documentos-seguros-generales,ms-ux-pv-crmp-documentos-seguros-generales,0,0,0,0,21/11/2023,15:33:38
pe.com.pacifico.kuntur:ms-ux-wbsp-gestiondocumento-siniestrovida-vida,ms-ux-wbsp-gestiondocumento-siniestrovida-vida,0,0,0,0,21/11/2023,15:33:38
pe.com.pacifico.kuntur:ms-ux-wbsp-guarda-archivo-vida,ms-ux-wbsp-guarda-archivo-vida,0,0,0,0,21/11/2023,15:33:38
org.springframework.boot:mtecnico,mtecnico,2.3,52,3,1,21/11/2023,15:33:29
pga-application-payment-portlet-frontend,pga-application-payment-portlet-frontend,0,0,0,0,21/11/2023,15:33:38
be-portal-somos-corredores-pga-dxp:modules:pga:pga-carta_garantia-portlet,pga-carta_garantia-portlet,0.7,24,2,2,21/11/2023,15:33:28
be-portal-somos-corredores-pga-dxp:modules:pga:pga-cuota-portlet,pga-cuota-portlet,0.5,24,2,2,21/11/2023,15:33:28
portal-somos-corredores-pga-dxp:modules:pga:pga-poliza-portlet,pga-poliza-portlet,7.3,2704,121,47,21/11/2023,15:33:39
be-portal-somos-corredores-pga-dxp:modules:pga:pga-siniestro-portlet,pga-siniestro-portlet,0,0,0,0,21/11/2023,15:33:28
portal-somos-corredores-pga-dxp:modules:pga:pga-siniestro-portlet,pga-siniestro-portlet,0.6,36,2,1,21/11/2023,15:33:39
portal-somos-corredores-pga-dxp:modules:pga:pga-trca-portlet,pga-trca-portlet,0.5,28,2,2,21/11/2023,15:33:39
pga-trca-portlet-javascript,pga-trca-portlet-javascript,0,0,0,0,21/11/2023,15:33:38
pe.com.pacifico.dip.prisma:prisma,prisma,4.7,1506,81,49,21/11/2023,15:33:29
prisma-frontend,prisma-frontend,8.9,6140,297,129,21/11/2023,15:33:39
prisma-function,prisma-serverless,0,0,0,0,21/11/2023,15:33:39
portalempresaprotege365:modules:protege365-administracion-cards-liferay,protege365-administracion-cards-liferay,20.5,462,16,4,21/11/2023,15:33:39
portalempresaprotege365:modules:protege365-administracion-cursos-liferay,protege365-administracion-cursos-liferay,3.2,829,24,4,21/11/2023,15:33:39
portalempresaprotege365:modules:protege365-administracion-evaluaciones-liferay,protege365-administracion-evaluaciones-liferay,4.9,83,6,2,21/11/2023,15:33:39
PortalEmpresaProtege365:modules:protege365-redirect-b2c,protege365-redirect-b2c,1.1,114,6,1,21/11/2023,15:33:28
portalempresaprotege365:modules:protege365-redirect-b2c,protege365-redirect-b2c,0,0,0,0,21/11/2023,15:33:39
PortalEmpresaProtege365:modules:protege365-redirect-home,protege365-redirect-home,1.1,114,6,1,21/11/2023,15:33:28
protege365-redirect-home,protege365-redirect-home,,,,,21/11/2023,15:33:39
cotizadores-rrgg-corredores-dxp:modules:rrgg:rrgg-busqueda-portlet,rrgg-busqueda-portlet,1,224,11,1,21/11/2023,15:33:28
cotizadores-rrgg-corredores-dxp:modules:rrgg:rrgg-commons,rrgg-commons,0,0,0,0,21/11/2023,15:33:28
cotizadores-rrgg-corredores-dxp:modules:rrgg:rrgg-cotizacion-car-portlet,rrgg-cotizacion-car-portlet,3.5,617,22,4,21/11/2023,15:33:29
cotizadores-rrgg-corredores-dxp:modules:rrgg:rrgg-cotizacion-trec-portlet,rrgg-cotizacion-trec-portlet,0.2,38,2,1,21/11/2023,15:33:29
cotizadores-rrgg-corredores-dxp:modules:rrgg:rrgg-dana-api,rrgg-dana-api,0,0,0,0,21/11/2023,15:33:29
cotizadores-rrgg-corredores-dxp:modules:rrgg:rrgg-dana-service,rrgg-dana-service,0,0,0,0,21/11/2023,15:33:29
cotizadores-rrgg-corredores-dxp:modules:rrgg:rrgg-ddl-api,rrgg-ddl-api,0,0,0,0,21/11/2023,15:33:29
cotizadores-rrgg-corredores-dxp:modules:rrgg:rrgg-ddl-service,rrgg-ddl-service,0,0,0,0,21/11/2023,15:33:29
cotizadores-rrgg-corredores-dxp:modules:rrgg:rrgg-emision-car-portlet,rrgg-emision-car-portlet,0.8,116,4,1,21/11/2023,15:33:29
cotizadores-rrgg-corredores-dxp:modules:rrgg:rrgg-emision-trec-portlet,rrgg-emision-trec-portlet,0.6,96,4,1,21/11/2023,15:33:29
be-cotizadores-rrgg-corredores-dxp_:modules:rrgg:rrgg-home-portlet,rrgg-home-portlet,0,0,0,0,21/11/2023,15:33:28
cotizadores-rrgg-corredores-dxp:modules:rrgg:rrgg-home-portlet,rrgg-home-portlet,0.5,27,2,1,21/11/2023,15:33:29
pe.com.pacifico.kuntur:rs-ne-atencion-de-siniestros-siniestro-cliente-autos-gen,rs-ne-atencion-de-siniestros-siniestro-cliente-autos-gen,0,0,0,0,21/11/2023,15:33:38
pe.com.pacifico.kuntur:rs-ne-atencion-de-siniestros-siniestro-cliente-hogar-gen,rs-ne-atencion-de-siniestros-siniestro-cliente-hogar-gen,0,0,0,0,21/11/2023,15:33:38
pe.com.pacifico.kuntur:rs-ne-consulta-siniestros-pga,rs-ne-consulta-siniestros-pga,0,0,0,0,21/11/2023,15:33:38
pe.com.pacifico.cotizacionamed:rs-ne-cotizacion-calcula-cotizacion-amed-salud,rs-ne-cotizacion-calcula-cotizacion-amed-salud,28.1,1606,38,19,21/11/2023,15:33:29
pe.com.pacifico.busquedaproducto:rs-ne-cotizacion-consulta-productos-amed-salud,rs-ne-cotizacion-consulta-productos-amed-salud,27.6,486,10,4,21/11/2023,15:33:29
pe.com.pacifico.cotizacion.polizas:rs-ne-cotizacion-polizas-tps,rs-ne-cotizacion-polizas-tps,0,0,0,0,21/11/2023,15:33:29
rs-ne-gestion-cobertura-vg,rs-ne-gestion-cobertura-vg,2.3,48,2,1,21/11/2023,15:33:39
rs-ne-gestion-coberturas-vg,rs-ne-gestion-coberturas-vg,2.4,48,2,1,21/11/2023,15:33:39
pe.com.pacifico.kuntur:rs-ne-ofertas-poliza-ods-pga,rs-ne-ofertas-poliza-ods-pga,0,0,0,0,21/11/2023,15:33:38
pe.com.pacifico.kuntur:rs-ne-registra-aviso-siniestro-vida-vda,rs-ne-registra-aviso-siniestro-vida-vda,0,0,0,0,21/11/2023,15:33:38
pe.com.pacifico.kuntur:rs-ne-seguimiento-siniestros-vida-vda,rs-ne-seguimiento-siniestros-vida-vda,0,0,0,0,21/11/2023,15:33:38
pe.com.pacifico.kuntur:rs-ne-servicio-al-cliente-beneficios-cliente-pga,rs-ne-servicio-al-cliente-beneficios-cliente-pga,0,0,0,0,21/11/2023,15:33:38
pe.com.pacifico.kuntur:rs-ne-servicio-al-cliente-configura-maestrosseguros-pga,rs-ne-servicio-al-cliente-configura-maestrosseguros-pga,0,0,0,0,21/11/2023,15:33:38
pe.com.pacifico.kuntur:rs-ne-servicio-al-cliente-documentos-cliente-sld,rs-ne-servicio-al-cliente-documentos-cliente-sld,0,0,0,0,21/11/2023,15:33:38
pe.com.pacifico.kuntur:rs-ne-servicio-al-cliente-incidentes-crm-pga,rs-ne-servicio-al-cliente-incidentes-crm-pga,0,0,0,0,21/11/2023,15:33:38
pe.com.pacifico.kuntur:rs-ne-venta-asegurado-viap-vda,rs-ne-venta-asegurado-viap-vda,0,0,0,0,21/11/2023,15:33:38
pe.com.pacifico.kuntur:rs-ne-venta-consulta-configuracion-viap-vda,rs-ne-venta-consulta-configuracion-viap-vda,0,0,0,0,21/11/2023,15:33:38
pe.com.pacifico.kuntur:rs-ne-venta-contratante-viap-vda,rs-ne-venta-contratante-viap-vda,0,0,0,0,21/11/2023,15:33:38
pe.com.pacifico.kuntur:rs-ne-venta-encola-firmaelectronica-viap-vda,rs-ne-venta-encola-firmaelectronica-viap-vda,0,0,0,0,21/11/2023,15:33:38
pe.com.pacifico.kuntur:rs-ne-venta-familiar-viap-vda,rs-ne-venta-familiar-viap-vda,0,0,0,0,21/11/2023,15:33:38
pe.com.pacifico.kuntur:rs-ne-venta-registra-configuracion-viap-vda,rs-ne-venta-registra-configuracion-viap-vda,0,0,0,0,21/11/2023,15:33:38
pe.com.pacifico.kuntur:rs-ne-venta-solicitud-viap-vda,rs-ne-venta-solicitud-viap-vda,1.9,197,13,7,21/11/2023,15:33:38
pe.com.pacifico.kuntur:rs-ux-backoffice-mep-siniestro-autos-gen,rs-ux-backoffice-mep-siniestro-autos-gen,0,0,0,0,21/11/2023,15:33:38
pe.com.pacifico.kuntur:rs-ux-ecomsoat-poliza-soat-gen,rs-ux-ecomsoat-poliza-soat-gen,0,0,0,0,21/11/2023,15:33:38
pe.com.pacifico.kuntur:rs-ux-ma-wash-gestionsiniestros-hogar,rs-ux-ma-wash-gestionsiniestros-hogar,0,0,0,0,21/11/2023,15:33:38
pe.com.pacifico.kuntur:rs-ux-ma-wash-seguimientosiniestros-hogar,rs-ux-ma-wash-seguimientosiniestros-hogar,0,0,0,0,21/11/2023,15:33:38
pe.com.pacifico.kuntur:rs-ux-mep-siniestro-autos-gen,rs-ux-mep-siniestro-autos-gen,0,0,0,0,21/11/2023,15:33:38
pe.com.pacifico.kuntur:rs-ux-mep-siniestro-cliente-pga,rs-ux-mep-siniestro-cliente-pga,0,0,0,0,21/11/2023,15:33:38
pe.com.pacifico.kuntur:rs-ux-wbsp-atencionsiniestro-vida,rs-ux-wbsp-atencionsiniestro-vida,0,0,0,0,21/11/2023,15:33:38
pe.com.pacifico.kuntur:rs-ux-wbsp-gestionasegurado-vida-vda,rs-ux-wbsp-gestionasegurado-vida-vda,0,0,0,0,21/11/2023,15:33:38
sm-portalasesoriadigital-entrenamiento,sm-portalasesoriadigital-entrenamiento,1.6,92,9,5,21/11/2023,15:33:39
sm-serviciosrrll-PostVentaVidaLey,sm-serviciosrrll-PostVentaVidaLey,24.8,2897,151,41,21/11/2023,15:33:39
portal-corporativo-dxp-autorepairshop-searcher-portlet:modules:tab-nested-portlet,tab-nested-portlet,0,0,0,0,21/11/2023,15:33:39
org.springframework.boot:task,task,8.1,346,15,14,21/11/2023,15:33:29
pe.com.pacifico.kuntur:test-ms-ne-identificacion-biometrica-enrolamiento-persona-pga,test-ms-ne-identificacion-biometrica-enrolamiento-persona-pga,0,0,0,0,21/11/2023,15:33:38
pacificoseguros.com.pe:unicidad,unicidad,25.2,208,7,3,21/11/2023,15:33:29